Gene1,Gene2,BME,DEEI(1Express_2Silence),Prob(1E_2S),DEEI(1Silence_2Express),Prob(1S_2E)
CAMK2A,PLP1,0.4952969315854388,-0.0,1.0,1000.0,0.0
NRGN,MOBP,0.49061016836592575,163.11221407813034,7.722997991092807e-164,-0.0,1.0
MT-RNR2,THBS4,0.48684546847060983,1000.0,0.0,-0.0,1.0
MT-RNR2,MYOC,0.48586948038288225,1000.0,0.0,-0.0,1.0
MT-RNR2,VIP,0.48496421728137445,1000.0,0.0,-0.0,1.0
HPCA,PLP1,0.4848017703200431,-0.0,1.0,1000.0,0.0
MT-RNR2,CPLX3,0.4847662017868228,1000.0,0.0,-0.0,1.0
HPCA,MOBP,0.48475524982893875,1000.0,0.0,-0.0,1.0
MT-RNR2,CRHBP,0.48403069541954064,1000.0,0.0,-0.0,1.0
MT-RNR2,DLX1AS,0.483012250114176,1000.0,0.0,-0.0,1.0
MT-RNR2,SYT2,0.4823050231687332,1000.0,0.0,-0.0,1.0
CAMK2A,MOBP,0.48224459053382185,1000.0,0.0,-0.0,1.0
HPCA,MBP,0.48099662381265545,-0.0,1.0,1000.0,0.0
MT-RNR2,IGHM,0.48083397733455935,1000.0,0.0,-0.0,1.0
MT-RNR2,CBLN1,0.4803671990097608,1000.0,0.0,-0.0,1.0
MT-RNR2,TAC1,0.48028234848186535,1000.0,0.0,-0.0,1.0
MT-RNR2,GM28928,0.4798721855596666,1000.0,0.0,-0.0,1.0
MT-RNR2,ADGRF5,0.47987214551262874,1000.0,0.0,-0.0,1.0
MT-RNR2,TRBC2,0.47960342430411423,1000.0,0.0,-0.0,1.0
MT-RNR2,UNC13C,0.479546825585318,1000.0,0.0,-0.0,1.0
MT-RNR2,CCDC153,0.47871235272511503,1000.0,0.0,-0.0,1.0
MYL4,MT-RNR2,0.47868402072205923,-0.0,1.0,1000.0,0.0
MT-RNR2,VTN,0.478669865177958,1000.0,0.0,-0.0,1.0
MT-RNR2,STAC2,0.4786132639120823,1000.0,0.0,-0.0,1.0
MT-RNR2,CUX2,0.4785001123957918,1000.0,0.0,-0.0,1.0
MT-RNR2,LRRC10B,0.47847183978659164,1000.0,0.0,-0.0,1.0
MT-RNR2,ZFPM2,0.47773635462112035,1000.0,0.0,-0.0,1.0
MT-RNR2,SPINK8,0.477693893787877,1000.0,0.0,-0.0,1.0
MT-RNR2,IGFBP6,0.47745340671917746,1000.0,0.0,-0.0,1.0
MT-RNR2,GPR151,0.47725537545009,1000.0,0.0,-0.0,1.0
MT-RNR2,MEIS2,0.47702908336409133,1000.0,0.0,-0.0,1.0
PTGDS,CAMK2A,0.47698574261166443,0.3099021681163245,0.4898891624278496,8.678947198979592e-16,0.999999999999998
CAMK2A,MBP,0.47688895593695646,-0.0,1.0,1000.0,0.0
HPCA,ATP1A2,0.47669978870191837,19.40018038614409,3.9794184930591337e-20,-0.0,1.0
MT-RNR2,SLC32A1,0.4764491350566012,1000.0,0.0,-0.0,1.0
MT-RNR2,PENK,0.4759965602499927,1000.0,0.0,-0.0,1.0
MT-RNR2,RGS14,0.47567117813496934,1000.0,0.0,-0.0,1.0
NRGN,ATP1A2,0.4756163782457724,1.3842920782374642e-13,0.9999999999996813,15.882505904877931,1.3106722217111677e-16
MT-RNR2,C1QL2,0.47520472772535116,1000.0,0.0,-0.0,1.0
HPCA,PTGDS,0.47473089006617736,-0.0,1.0,38.46107358276253,3.4588077008453786e-39
MT-RNR2,THRSP,0.47410117451441625,1000.0,0.0,-0.0,1.0
NRGN,PLP1,0.4740666918435496,-0.0,1.0,1000.0,0.0
MT-RNR2,PLCXD2,0.47405867294235104,1000.0,0.0,-0.0,1.0
MT-RNR2,CAR4,0.4735494715231949,1000.0,0.0,-0.0,1.0
MT-RNR2,RAB3B,0.47335149264082205,1000.0,0.0,-0.0,1.0
MT-RNR2,GM5741,0.4731111009725979,1000.0,0.0,-0.0,1.0
MT-RNR2,RAB26,0.4730262134879541,1000.0,0.0,-0.0,1.0
MT-RNR2,ERBB4,0.47301202055883507,1000.0,0.0,-0.0,1.0
MT-RNR2,ITIH3,0.472516903729569,1000.0,0.0,-0.0,1.0
MT-RNR2,GNG8,0.4722482762216046,1000.0,0.0,-0.0,1.0
MT-RNR2,GLTP,0.4718521881662719,1000.0,0.0,-0.0,1.0
MT-RNR2,NBL1,0.4717955662016422,1000.0,0.0,-0.0,1.0
MT-RNR2,SNCG,0.4715692642110148,1000.0,0.0,-0.0,1.0
MEG3,GLUL,0.4713242974432992,159.37069112997892,4.259012061753856e-160,-0.0,1.0
MT-RNR2,LCAT,0.4709893089347849,1000.0,0.0,-0.0,1.0
MT-RNR2,RASGRF2,0.4708195635319864,1000.0,0.0,-0.0,1.0
MT-RNR2,EZR,0.4705792496628122,1000.0,0.0,-0.0,1.0
MT-RNR2,HOPX,0.47046597994572115,1000.0,0.0,-0.0,1.0
MT-RNR2,TAC2,0.4703528907059018,1000.0,0.0,-0.0,1.0
MT-RNR2,KIRREL3,0.47016916342342796,1000.0,0.0,-0.0,1.0
MT-RNR2,CNR1,0.47009823300546105,1000.0,0.0,-0.0,1.0
MT-RNR2,TNS3,0.46995688432900123,1000.0,0.0,-0.0,1.0
MT-RNR2,WFS1,0.46980129299564,1000.0,0.0,-0.0,1.0
MT-RNR2,ARC,0.4695748418567632,1000.0,0.0,-0.0,1.0
MT-RNR2,RPRM,0.4695042106255334,1000.0,0.0,-0.0,1.0
MT-RNR2,MAOB,0.46919300829400323,1000.0,0.0,-0.0,1.0
MT-RNR2,FOXG1,0.46903756044754663,1000.0,0.0,-0.0,1.0
MT-RNR2,NR4A2,0.46872621628632943,1000.0,0.0,-0.0,1.0
MT-RNR2,GABRA3,0.4686978628729006,1000.0,0.0,-0.0,1.0
MT-RNR2,RGS10,0.468316154332888,1000.0,0.0,-0.0,1.0
HPCA,GLUL,0.4682947191574506,-0.0,1.0,55.56799449399495,2.703992645232356e-56
MT-RNR2,MPPED1,0.46825941141693667,1000.0,0.0,-0.0,1.0
MT-RNR2,KCNAB3,0.46801896657188324,1000.0,0.0,-0.0,1.0
MT-RNR2,RGS6,0.4680049203313204,1000.0,0.0,-0.0,1.0
MT-RNR2,IGSF21,0.46783516121014984,1000.0,0.0,-0.0,1.0
NRGN,MBP,0.46782410011123643,-0.0,1.0,1000.0,0.0
NRGN,PTGDS,0.46740632809508137,-0.0,1.0,232.49840287355678,3.1739284078495004e-233
MT-RNR2,VSTM2A,0.46726924338601095,1000.0,0.0,-0.0,1.0
MT-RNR2,TMBIM1,0.46722694051541974,1000.0,0.0,-0.0,1.0
MT-RNR2,A830018L16RIK,0.4670713972117742,1000.0,0.0,-0.0,1.0
MT-RNR2,RASD2,0.46704295693296577,1000.0,0.0,-0.0,1.0
MT-RNR2,GARNL3,0.4669439716821255,1000.0,0.0,-0.0,1.0
MT-RNR2,GPC5,0.466802476951524,1000.0,0.0,-0.0,1.0
MT-RNR2,SLAIN1,0.4667747027670277,1000.0,0.0,-0.0,1.0
MT-CYTB,THBS4,0.46671771103399895,1000.0,0.0,-0.0,1.0
MT-RNR2,CCND2,0.4666045339457276,1000.0,0.0,-0.0,1.0
MT-ND1,THBS4,0.4663217849195544,1000.0,0.0,-0.0,1.0
MT-RNR2,CRTAC1,0.46622271726116865,1000.0,0.0,-0.0,1.0
MT-RNR2,FGFR3,0.4662225935328324,1000.0,0.0,-0.0,1.0
MT-RNR2,PLTP,0.4661094903121411,1000.0,0.0,-0.0,1.0
MT-RNR2,CALN1,0.4660812009762509,1000.0,0.0,-0.0,1.0
MT-RNR2,EVI2A,0.4659822845996848,1000.0,0.0,-0.0,1.0
PPP3CA,PLP1,0.46590246424181647,-0.0,1.0,319.6731510704243,2.1225e-320
MT-RNR2,CNIH3,0.46582659695328105,1000.0,0.0,-0.0,1.0
MT-RNR2,SHOX2,0.46571337080982556,1000.0,0.0,-0.0,1.0
MT-RNR2,GNG7,0.46562850278964496,1000.0,0.0,-0.0,1.0
MT-RNR2,GSTO1,0.46561438908308306,1000.0,0.0,-0.0,1.0
MT-CYTB,MYOC,0.46528898338418967,1000.0,0.0,-0.0,1.0
MT-RNR2,RORB,0.4650627306268256,1000.0,0.0,-0.0,1.0
MT-RNR2,PDLIM2,0.46503499985871,1000.0,0.0,-0.0,1.0
MT-CYTB,CPLX3,0.46497807199390306,1000.0,0.0,-0.0,1.0
MT-ND1,MYOC,0.46489297994823287,1000.0,0.0,-0.0,1.0
MT-CYTB,VIP,0.4648364322834671,1000.0,0.0,-0.0,1.0
MT-RNR2,TMEM176B,0.4647515478960933,1000.0,0.0,-0.0,1.0
MT-RNR2,ID3,0.4646667790155395,1000.0,0.0,-0.0,1.0
MT-RNR2,GAD2,0.46466671435584617,1000.0,0.0,-0.0,1.0
MT-ND1,CPLX3,0.4646388175173669,1000.0,0.0,-0.0,1.0
MT-RNR2,GNG11,0.4646103426708262,1000.0,0.0,-0.0,1.0
MT-RNR2,MARK1,0.4645394123391193,1000.0,0.0,-0.0,1.0
MAP1B,GLUL,0.464524984748599,-0.0,1.0,8.635115144746156e-06,0.9999801171102587
MT-RNR2,DPY19L1,0.4645112126980248,1000.0,0.0,-0.0,1.0
MT-RNR2,PPP1R16B,0.4643131623517487,1000.0,0.0,-0.0,1.0
MT-ND1,VIP,0.4642706834811898,1000.0,0.0,-0.0,1.0
MT-CYTB,CRHBP,0.4640161761663516,1000.0,0.0,-0.0,1.0
MT-RNR2,ID4,0.46397371539828886,1000.0,0.0,-0.0,1.0
MT-RNR2,HOMER1,0.46362005035916587,1000.0,0.0,-0.0,1.0
MT-RNR2,HAP1,0.46354932702294427,1000.0,0.0,-0.0,1.0
MT-RNR2,FAM163B,0.4634644823594533,1000.0,0.0,-0.0,1.0
MT-RNR2,GJC3,0.463195876452241,1000.0,0.0,-0.0,1.0
GFAP,MT-RNR2,0.46318191789689406,-0.0,1.0,1000.0,0.0
MT-RNR2,SATB1,0.46313902789733996,1000.0,0.0,-0.0,1.0
MT-RNR2,CTSS,0.4630400774766308,1000.0,0.0,-0.0,1.0
PVALB,MT-RNR2,0.4630117258636701,-0.0,1.0,1000.0,0.0
PLP1,SLC1A2,0.4629787257064627,20.392975349003073,4.0459885648868066e-21,-0.0,1.0
MT-RNR2,SOWAHA,0.4628703414546003,1000.0,0.0,-0.0,1.0
MT-CYTB,DLX1AS,0.46282785812574867,1000.0,0.0,-0.0,1.0
MT-RNR2,NWD2,0.4628138796462817,1000.0,0.0,-0.0,1.0
MT-ND1,CRHBP,0.4627712552193569,1000.0,0.0,-0.0,1.0
ATP1B1,GLUL,0.4627074487786486,0.6659645049946991,0.21579207693928804,-0.0,1.0
MT-ND1,DLX1AS,0.46254510415679756,1000.0,0.0,-0.0,1.0
OLFM1,GLUL,0.46249856102677445,1.3630037896963067e-08,0.9999999686156784,-0.0,1.0
MT-RNR2,RGS17,0.4623611533147176,1000.0,0.0,-0.0,1.0
MT-RNR2,IL33,0.46233319774510523,1000.0,0.0,-0.0,1.0
MOBP,ARF3,0.4623146871638458,-0.0,1.0,216.8689005560945,1.3523821935871622e-217
MT-RNR2,AGT,0.46226210251365063,1000.0,0.0,-0.0,1.0
MT-RNR2,PRR18,0.4621208500377768,1000.0,0.0,-0.0,1.0
MT-RNR2,B2M,0.46195097962615866,1000.0,0.0,-0.0,1.0
MT-CYTB,SYT2,0.46189428563296664,1000.0,0.0,-0.0,1.0
MT-RNR2,GPRIN1,0.4617954637728007,1000.0,0.0,-0.0,1.0
MT-RNR2,SOX2,0.46176712237828216,1000.0,0.0,-0.0,1.0
MT-RNR2,VSTM2L,0.46169633396966314,1000.0,0.0,-0.0,1.0
MT-RNR2,KBTBD11,0.4616682529427263,1000.0,0.0,-0.0,1.0
PPP3CA,MOBP,0.4616139977189118,1000.0,0.0,-0.0,1.0
MT-RNR2,SOX2OT,0.46151298140771496,1000.0,0.0,-0.0,1.0
MT-RNR2,KCNAB1,0.46137107171666913,1000.0,0.0,-0.0,1.0
MT-RNR2,FAM3C,0.4612153970043792,1000.0,0.0,-0.0,1.0
MT-ND1,SYT2,0.4612153414372062,1000.0,0.0,-0.0,1.0
MT-RNR2,ADGRA1,0.46115881832822786,1000.0,0.0,-0.0,1.0
MT-CYTB,IGHM,0.46104582521836374,1000.0,0.0,-0.0,1.0
MT-RNR2,FXYD7,0.4610174315907211,1000.0,0.0,-0.0,1.0
MT-RNR2,FABP7,0.4610032269688251,1000.0,0.0,-0.0,1.0
MT-RNR2,AK5,0.46080536593058646,1000.0,0.0,-0.0,1.0
MT-RNR2,SYNPR,0.4607489569311719,1000.0,0.0,-0.0,1.0
MT-RNR2,DNAJC21,0.4607345382468868,1000.0,0.0,-0.0,1.0
MT-CYTB,GM28928,0.4605371493709159,1000.0,0.0,-0.0,1.0
MT-RNR2,GRM7,0.46053658859885116,1000.0,0.0,-0.0,1.0
MOBP,OLFM1,0.4605228889791753,-0.0,1.0,1000.0,0.0
MT-CYTB,CBLN1,0.46046581306249784,1000.0,0.0,-0.0,1.0
MT-ND1,IGHM,0.4603668813473458,1000.0,0.0,-0.0,1.0
OLFM1,PLP1,0.46027354630872147,-0.0,1.0,176.26218737201094,5.467800092309574e-177
MT-CYTB,ADGRF5,0.46019724205993817,1000.0,0.0,-0.0,1.0
THBS4,MT-RNR1,0.46018285444289525,-0.0,1.0,1000.0,0.0
MT-CYTB,TAC1,0.4601546068923735,1000.0,0.0,-0.0,1.0
MT-RNR2,LIN7A,0.46008379214586687,1000.0,0.0,-0.0,1.0
MT-RNR2,JUNB,0.4599565815519152,1000.0,0.0,-0.0,1.0
MT-ND1,GM28928,0.45991483810009376,1000.0,0.0,-0.0,1.0
MT-RNR2,COTL1,0.459914282601218,1000.0,0.0,-0.0,1.0
MT-RNR2,H13,0.45990017018567303,1000.0,0.0,-0.0,1.0
MT-CYTB,UNC13C,0.45987195059991537,1000.0,0.0,-0.0,1.0
CAMK2N1,PLP1,0.4598399032501876,1.1751088609147091,0.06681764104614125,-0.0,1.0
MT-CYTB,TRBC2,0.45975875756969636,1000.0,0.0,-0.0,1.0
MT-RNR2,BCL11B,0.45968774138620977,1000.0,0.0,-0.0,1.0
MT-RNR2,FAM212B,0.45964533874215285,1000.0,0.0,-0.0,1.0
CCDC153,MT-CYTB,0.4596039484565921,-0.0,1.0,1000.0,0.0
MT-ND1,TAC1,0.45958886902537865,1000.0,0.0,-0.0,1.0
MT-ND1,CBLN1,0.4595604707280363,1000.0,0.0,-0.0,1.0
MT-RNR2,ASIC2,0.4595469227665341,1000.0,0.0,-0.0,1.0
MBP,PPP3CA,0.45939365175167723,1000.0,0.0,-0.0,1.0
PTGDS,PPP3CA,0.4593735742288173,3.5054749900553286e-12,0.9999999999919283,-0.0,1.0
MT-ND1,UNC13C,0.4593628606865271,1000.0,0.0,-0.0,1.0
MT-RNR2,DPP10,0.45936278037620754,1000.0,0.0,-0.0,1.0
MT-RNR2,IGFBP5,0.4592777422232128,1000.0,0.0,-0.0,1.0
MT-RNR1,MYOC,0.459263450993167,1000.0,0.0,-0.0,1.0
MT-CYTB,VTN,0.4591648782980744,1000.0,0.0,-0.0,1.0
MT-ND1,ADGRF5,0.45912204618915586,1000.0,0.0,-0.0,1.0
MT-RNR2,CACNA2D3,0.4590940711647499,1000.0,0.0,-0.0,1.0
MT-ND1,TRBC2,0.4590798138441253,1000.0,0.0,-0.0,1.0
MYL4,MT-CYTB,0.4590658229063963,-0.0,1.0,1000.0,0.0
MT-RNR2,NEK7,0.45899491181766144,1000.0,0.0,-0.0,1.0
MT-RNR2,CXCL14,0.45893804944825245,1000.0,0.0,-0.0,1.0
MT-RNR2,IFI27,0.45890987618183,1000.0,0.0,-0.0,1.0
MT-CYTB,STAC2,0.45888172220267376,1000.0,0.0,-0.0,1.0
MT-RNR2,CLIC4,0.4588393904314142,1000.0,0.0,-0.0,1.0
MT-RNR2,2900052N01RIK,0.4588109124145365,1000.0,0.0,-0.0,1.0
MT-CYTB,CUX2,0.4587685972260419,1000.0,0.0,-0.0,1.0
MT-RNR2,SLC6A11,0.45876829594701923,1000.0,0.0,-0.0,1.0
CCDC153,MT-ND1,0.4586984536777376,-0.0,1.0,1000.0,0.0
PTGDS,SLC1A2,0.45867366383126357,-0.0,1.0,61.92002581404551,1.2021929753016962e-62
MT-RNR2,FGF1,0.4586552503371777,1000.0,0.0,-0.0,1.0
MT-CYTB,LRRC10B,0.4586271506063578,1000.0,0.0,-0.0,1.0
MT-ND1,STAC2,0.45859909210402805,1000.0,0.0,-0.0,1.0
MT-RNR1,VIP,0.45858457242602907,1000.0,0.0,-0.0,1.0
GLUL,YWHAZ,0.4585756665883203,20.747893499730694,1.7869257216537883e-21,-0.0,1.0
MT-RNR2,TIAM1,0.4585706418950473,1000.0,0.0,-0.0,1.0
MT-RNR2,NECAB1,0.4585702993596856,1000.0,0.0,-0.0,1.0
MT-RNR2,FOXP1,0.45852817206822555,1000.0,0.0,-0.0,1.0
MT-RNR2,GPD1,0.45828761574919297,1000.0,0.0,-0.0,1.0
MT-ND1,CUX2,0.45825949700123236,1000.0,0.0,-0.0,1.0
GLUL,STMN3,0.4582175819215502,0.00848648011943743,0.9806488421076203,-0.0,1.0
MYL4,MT-ND1,0.4582170254002322,-0.0,1.0,1000.0,0.0
MT-RNR1,CPLX3,0.4582167874916727,1000.0,0.0,-0.0,1.0
MT-ND1,VTN,0.4582028448675292,1000.0,0.0,-0.0,1.0
HPCA,SCD2,0.4581940862456045,0.9748025950607242,0.10597353095767689,-0.0,1.0
MT-RNR2,CNRIP1,0.45817437710004416,1000.0,0.0,-0.0,1.0
MT-RNR2,CPNE9,0.45816014849597364,1000.0,0.0,-0.0,1.0
NPY,MT-RNR2,0.4581181738403997,-0.0,1.0,1000.0,0.0
GLUL,THY1,0.4578347691486568,11.812876959301102,1.5385904792131264e-12,-0.0,1.0
MT-RNR2,OPALIN,0.45777948768182264,1000.0,0.0,-0.0,1.0
MT-RNR2,1810041L15RIK,0.4577783264407335,1000.0,0.0,-0.0,1.0
MT-CYTB,IGFBP6,0.4577218922418056,1000.0,0.0,-0.0,1.0
MT-CYTB,ZFPM2,0.4577218922418056,1000.0,0.0,-0.0,1.0
MT-ND1,LRRC10B,0.45766516910954913,1000.0,0.0,-0.0,1.0
MT-RNR2,TMEM88B,0.45762320208001966,1000.0,0.0,-0.0,1.0
MT-RNR1,CRHBP,0.45759452721878424,1000.0,0.0,-0.0,1.0
MT-RNR2,HOMER2,0.45756607239801594,1000.0,0.0,-0.0,1.0
MT-CYTB,SPINK8,0.4575095777792049,1000.0,0.0,-0.0,1.0
MT-ND1,ZFPM2,0.45749590021266495,1000.0,0.0,-0.0,1.0
MT-CYTB,GPR151,0.4574672252439375,1000.0,0.0,-0.0,1.0
MBP,MEG3,0.4574502440764866,70.46095708879317,3.459735606449565e-71,-0.0,1.0
MT-RNR2,KCNC2,0.4573822302341628,1000.0,0.0,-0.0,1.0
PPP3CA,GLUL,0.4573776778689557,-0.0,1.0,0.00024248422397893862,0.9994418152836642
NRGN,GLUL,0.4573188229242378,-0.0,1.0,264.57688879859603,2.649178375735928e-265
MT-CYTB,MEIS2,0.4572410079284102,1000.0,0.0,-0.0,1.0
MT-RNR2,LMO3,0.45708538245571245,1000.0,0.0,-0.0,1.0
NRGN,SCD2,0.45704028365665983,-0.0,1.0,12.617002477484116,2.4154470552029027e-13
MT-ND1,SPINK8,0.45694384373881664,1000.0,0.0,-0.0,1.0
MBP,OLFM1,0.4569189616278926,1000.0,0.0,-0.0,1.0
MT-RNR2,GOLGA7B,0.45685900469799,1000.0,0.0,-0.0,1.0
SNHG11,GLUL,0.4568295074376796,-0.0,1.0,43.50899756223357,3.0974366855898634e-44
CABP7,MT-RNR2,0.45681638828393356,-0.0,1.0,1000.0,0.0
MT-ND1,IGFBP6,0.45675991046083153,1000.0,0.0,-0.0,1.0
MT-ND1,MEIS2,0.4567319133818881,1000.0,0.0,-0.0,1.0
MT-ND1,GPR151,0.45661846379709126,1000.0,0.0,-0.0,1.0
MT-CYTB,SLC32A1,0.4566044007487908,1000.0,0.0,-0.0,1.0
MT-RNR2,PRKCA,0.45659042728947796,1000.0,0.0,-0.0,1.0
NCDN,GLUL,0.45642807808525737,-0.0,1.0,9.056138418961144e-08,0.9999997914747285
MT-RNR2,POU3F3,0.45642061760044156,1000.0,0.0,-0.0,1.0
NRGN,SPARC,0.45635698854741347,1000.0,0.0,-0.0,1.0
MT-RNR1,DLX1AS,0.4563495992724123,1000.0,0.0,-0.0,1.0
MT-RNR2,SMS,0.4562933516765317,1000.0,0.0,-0.0,1.0
MT-CYTB,PENK,0.4562085610620951,1000.0,0.0,-0.0,1.0
MT-RNR2,FRMD4A,0.4561942054976354,1000.0,0.0,-0.0,1.0
TSHZ2,MT-RNR2,0.4561092812838905,-0.0,1.0,1000.0,0.0
MT-RNR2,TACC1,0.45606673748543863,1000.0,0.0,-0.0,1.0
MT-CYTB,RGS14,0.4560528924620359,1000.0,0.0,-0.0,1.0
MT-RNR2,GABRA5,0.4559113429900595,1000.0,0.0,-0.0,1.0
MT-ND1,SLC32A1,0.45586884921914084,1000.0,0.0,-0.0,1.0
MT-ND1,RGS14,0.4557136740801554,1000.0,0.0,-0.0,1.0
PTGDS,OLFM1,0.45559115976151005,-0.0,1.0,0.0016189544751167662,0.996279159107152
MT-RNR1,SYT2,0.4555858020377055,1000.0,0.0,-0.0,1.0
MT-RNR2,GRB14,0.4554873129766336,1000.0,0.0,-0.0,1.0
MT-ND1,PENK,0.45541638277764956,1000.0,0.0,-0.0,1.0
MT-RNR2,TESC,0.4552607210757466,1000.0,0.0,-0.0,1.0
MT-RNR2,MMP17,0.45520395139577274,1000.0,0.0,-0.0,1.0
MT-RNR2,ID2,0.4550908653638877,1000.0,0.0,-0.0,1.0
MT-CYTB,THRSP,0.4550493755123983,1000.0,0.0,-0.0,1.0
MT-RNR2,CPNE4,0.455034343065563,1000.0,0.0,-0.0,1.0
MT-RNR2,CSMD1,0.45497846969254546,1000.0,0.0,-0.0,1.0
LAMP5,MT-RNR2,0.4549777353428879,-0.0,1.0,1000.0,0.0
MT-RNR2,WDR6,0.4548365707497883,1000.0,0.0,-0.0,1.0
MT-RNR2,NCAM2,0.45483638122140235,1000.0,0.0,-0.0,1.0
MT-RNR1,IGHM,0.4547940177543855,1000.0,0.0,-0.0,1.0
MT-RNR2,CSRP1,0.4547094038077921,1000.0,0.0,-0.0,1.0
MT-RNR2,AATK,0.4547094038077921,1000.0,0.0,-0.0,1.0
MT-RNR1,TAC1,0.4546388314539236,1000.0,0.0,-0.0,1.0
MT-ND1,THRSP,0.45459701569567396,1000.0,0.0,-0.0,1.0
MT-CYTB,C1QL2,0.4545676326472711,1000.0,0.0,-0.0,1.0
MT-RNR2,RGS2,0.4545392507377479,1000.0,0.0,-0.0,1.0
MT-CYTB,RAB3B,0.45452622275240656,1000.0,0.0,-0.0,1.0
MT-ND1,C1QL2,0.45451152963129604,1000.0,0.0,-0.0,1.0
GAD1,MT-RNR2,0.45449709900855995,-0.0,1.0,1000.0,0.0
MT-RNR2,LIMCH1,0.45448267207905085,1000.0,0.0,-0.0,1.0
MT-RNR2,RAMP3,0.4544686905837141,1000.0,0.0,-0.0,1.0
MT-RNR2,SPON1,0.45446862001475263,1000.0,0.0,-0.0,1.0
MOBP,CHN1,0.454433034400265,0.12667145706696709,0.7470136590938958,4.8419102724610115,1.4390958723689021e-05
MT-RNR1,CBLN1,0.45438382262621324,1000.0,0.0,-0.0,1.0
MT-CYTB,PLCXD2,0.4542704747631078,1000.0,0.0,-0.0,1.0
MT-RNR2,EPHA5,0.45424241398546084,1000.0,0.0,-0.0,1.0
MT-RNR2,NACC2,0.4542421598512223,1000.0,0.0,-0.0,1.0
MT-RNR2,ZBTB18,0.45422799136973613,1000.0,0.0,-0.0,1.0
MOBP,NCDN,0.4542015464432068,-0.0,1.0,1000.0,0.0
MT-CYTB,ERBB4,0.4541301050272349,1000.0,0.0,-0.0,1.0
MT-RNR2,TMEM65,0.454030071938029,1000.0,0.0,-0.0,1.0
MT-RNR2,TFRC,0.45401602527299256,1000.0,0.0,-0.0,1.0
MT-RNR1,GM28928,0.4540022701976188,1000.0,0.0,-0.0,1.0
MT-RNR2,CLSTN2,0.45397355685261487,1000.0,0.0,-0.0,1.0
MT-CYTB,GLTP,0.45376364831486293,1000.0,0.0,-0.0,1.0
HPCA,QDPR,0.4537615631762841,1000.0,0.0,-0.0,1.0
CCDC153,MT-RNR1,0.4537488772900066,-0.0,1.0,1000.0,0.0
MEG3,SLC1A2,0.45366693790322626,0.9783787751908923,0.10510447925175766,-0.0,1.0
MT-RNR2,EHD3,0.4536623742939454,1000.0,0.0,-0.0,1.0
MT-RNR1,UNC13C,0.4536201736690361,1000.0,0.0,-0.0,1.0
MT-RNR2,FXYD1,0.45360594413872046,1000.0,0.0,-0.0,1.0
MT-RNR1,ADGRF5,0.453605762951228,1000.0,0.0,-0.0,1.0
MT-RNR1,TRBC2,0.45356359505121535,1000.0,0.0,-0.0,1.0
MT-RNR2,NEURL1A,0.4535631496239506,1000.0,0.0,-0.0,1.0
MT-ND1,GLTP,0.45353815807369335,1000.0,0.0,-0.0,1.0
MT-ND1,PLCXD2,0.4535349265358222,1000.0,0.0,-0.0,1.0
MT-CYTB,CAR4,0.4535349026842121,1000.0,0.0,-0.0,1.0
MT-ND1,ERBB4,0.4534511626996326,1000.0,0.0,-0.0,1.0
LYPD1,MT-RNR2,0.45340767756514,-0.0,1.0,1000.0,0.0
MT-RNR2,EPHA7,0.4532524126535094,1000.0,0.0,-0.0,1.0
MT-CYTB,RAB26,0.4532382679990806,1000.0,0.0,-0.0,1.0
MT-RNR1,LRRC10B,0.45322484859170925,1000.0,0.0,-0.0,1.0
MT-ND1,RAB26,0.453182283564052,1000.0,0.0,-0.0,1.0
MT-ND1,RAB3B,0.4531676367821941,1000.0,0.0,-0.0,1.0
MT-RNR2,KCNK1,0.4531672784056357,1000.0,0.0,-0.0,1.0
MT-CYTB,GM5741,0.45315331511170337,1000.0,0.0,-0.0,1.0
MT-RNR2,PDE4B,0.45306844716924183,1000.0,0.0,-0.0,1.0
MT-CYTB,ITIH3,0.4530683692884392,1000.0,0.0,-0.0,1.0
MT-CYTB,GNG8,0.4529700510980884,1000.0,0.0,-0.0,1.0
MT-RNR2,SLC6A1,0.45291264350328986,1000.0,0.0,-0.0,1.0
MT-ND1,CAR4,0.452799357879625,1000.0,0.0,-0.0,1.0
MT-RNR2,MAP7,0.4527855540279412,1000.0,0.0,-0.0,1.0
NRGN,QDPR,0.45275774707409383,119.33348199329419,4.6400002793964146e-120,-0.0,1.0
MT-ND1,GM5741,0.45270086328197817,1000.0,0.0,-0.0,1.0
MT-RNR1,GPR151,0.4526313704880214,1000.0,0.0,-0.0,1.0
MT-RNR2,PSAT1,0.4525878576602025,1000.0,0.0,-0.0,1.0
TNNT1,MT-RNR2,0.452587613896526,-0.0,1.0,1000.0,0.0
MYL4,MT-RNR1,0.4525875704747777,-0.0,1.0,1000.0,0.0
MT-ND1,GNG8,0.452574333968077,1000.0,0.0,-0.0,1.0
MT-RNR1,CUX2,0.4525734258190396,1000.0,0.0,-0.0,1.0
MT-RNR1,VTN,0.45257338417220616,1000.0,0.0,-0.0,1.0
MT-RNR2,SLC44A1,0.45246026857317057,1000.0,0.0,-0.0,1.0
MT-ND1,ITIH3,0.45244604237673164,1000.0,0.0,-0.0,1.0
MT-RNR2,STX1A,0.45243166824883796,1000.0,0.0,-0.0,1.0
MT-RNR1,STAC2,0.45234685695524257,1000.0,0.0,-0.0,1.0
MT-RNR2,INF2,0.4523186659949625,1000.0,0.0,-0.0,1.0
MT-RNR2,KCNC1,0.4522761646533478,1000.0,0.0,-0.0,1.0
PLP1,TSPAN7,0.45221892856928614,142.2235851573529,5.976058534179132e-143,-0.0,1.0
MT-RNR2,LRP1B,0.452177464159408,1000.0,0.0,-0.0,1.0
MT-RNR1,SPINK8,0.45216374548920846,1000.0,0.0,-0.0,1.0
SST,MT-RNR2,0.45213503020062806,-0.0,1.0,1000.0,0.0
MT-RNR2,B3GAT1,0.4521062913142159,1000.0,0.0,-0.0,1.0
HPCA,CLU,0.45206484701815114,-0.0,1.0,74.91681069538156,1.2111259361853721e-75
MT-RNR2,RIMS2,0.45204963466930353,1000.0,0.0,-0.0,1.0
MT-CYTB,NBL1,0.45200751982729165,1000.0,0.0,-0.0,1.0
STXBP6,MT-RNR2,0.45199315791117833,-0.0,1.0,1000.0,0.0
MT-RNR2,PLA2G16,0.45196504947996163,1000.0,0.0,-0.0,1.0
MT-CYTB,SNCG,0.45195110445059544,1000.0,0.0,-0.0,1.0
MT-RNR2,SOBP,0.4519509793373309,1000.0,0.0,-0.0,1.0
MOBP,GPM6A,0.451909549134366,-0.0,1.0,98.32347550358654,4.748150721667497e-99
MT-ND1,NBL1,0.4518948241410434,1000.0,0.0,-0.0,1.0
MT-RNR2,AQP4,0.4518236028740831,1000.0,0.0,-0.0,1.0
MT-RNR2,PRRT2,0.45175287957116994,1000.0,0.0,-0.0,1.0
MT-RNR2,ATP8A1,0.45169630092885193,1000.0,0.0,-0.0,1.0
MT-RNR2,SPEG,0.4516678066368955,1000.0,0.0,-0.0,1.0
MOBP,ATP1B1,0.4516518488979802,-0.0,1.0,1000.0,0.0
MT-RNR1,ZFPM2,0.45163996734897827,1000.0,0.0,-0.0,1.0
MT-RNR1,MEIS2,0.4516121658826896,1000.0,0.0,-0.0,1.0
MT-CYTB,RASGRF2,0.4515410507288767,1000.0,0.0,-0.0,1.0
MT-RNR2,EDIL3,0.4514702786062023,1000.0,0.0,-0.0,1.0
CAMK2A,QDPR,0.4513963151227403,1000.0,0.0,-0.0,1.0
MOBP,ATP6V1G2,0.451393807464843,-0.0,1.0,165.68330239613803,2.0734692728968195e-166
PCP4,GLUL,0.45135942288368935,269.5533250995748,2.7968868717877995e-270,-0.0,1.0
MT-CYTB,HOPX,0.45135750103735006,1000.0,0.0,-0.0,1.0
MT-RNR2,SCD1,0.45132847225257167,1000.0,0.0,-0.0,1.0
MT-CYTB,LCAT,0.4513144697167621,1000.0,0.0,-0.0,1.0
MT-RNR2,NDRG1,0.4512865501667172,1000.0,0.0,-0.0,1.0
MT-RNR2,MFGE8,0.45124357318886105,1000.0,0.0,-0.0,1.0
MT-RNR2,CAMK2N2,0.4512292997641329,1000.0,0.0,-0.0,1.0
MT-RNR2,APBA1,0.45120110988669315,1000.0,0.0,-0.0,1.0
MT-ND1,SNCG,0.45115891847259704,1000.0,0.0,-0.0,1.0
MT-CYTB,RPRM,0.4511324736940875,1000.0,0.0,-0.0,1.0
MT-ND1,HOPX,0.45113172802811424,1000.0,0.0,-0.0,1.0
MT-CYTB,EZR,0.45113118680643094,1000.0,0.0,-0.0,1.0
MT-RNR1,IGFBP6,0.45113041587966196,1000.0,0.0,-0.0,1.0
MT-RNR1,SLC32A1,0.45108875288819145,1000.0,0.0,-0.0,1.0
MT-ND1,LCAT,0.4510885251145279,1000.0,0.0,-0.0,1.0
MT-RNR2,ZCCHC12,0.45108811696445544,1000.0,0.0,-0.0,1.0
MT-RNR2,ALCAM,0.4510596357001734,1000.0,0.0,-0.0,1.0
MT-ND1,EZR,0.4510187242665577,1000.0,0.0,-0.0,1.0
MT-RNR2,STK32C,0.4509889692432087,1000.0,0.0,-0.0,1.0
MT-RNR1,PENK,0.45097636971370864,1000.0,0.0,-0.0,1.0
MT-RNR2,TPPP3,0.4509326457602235,1000.0,0.0,-0.0,1.0
MT-RNR2,AMOTL1,0.4509324545876681,1000.0,0.0,-0.0,1.0
MT-CYTB,ARC,0.4509194125969063,1000.0,0.0,-0.0,1.0
MT-RNR2,PCDH10,0.45091827703511256,1000.0,0.0,-0.0,1.0
MT-CYTB,TNS3,0.4509053401258608,1000.0,0.0,-0.0,1.0
MT-RNR2,PANTR1,0.45087602533378407,1000.0,0.0,-0.0,1.0
MT-ND1,RASGRF2,0.45086210753707856,1000.0,0.0,-0.0,1.0
MT-ND1,TNS3,0.4507930033217128,1000.0,0.0,-0.0,1.0
NRGN,CD81,0.4507801481472496,1.4990522694894923,0.03169186012873607,-0.0,1.0
TAC2,MT-CYTB,0.45073485642720584,-0.0,1.0,1000.0,0.0
MT-RNR2,NTNG1,0.45072025175788927,1000.0,0.0,-0.0,1.0
MOBP,RTN1,0.45071040175487137,-0.0,1.0,32.059202789789644,8.725638376393199e-33
MT-RNR1,C1QL2,0.45069544091864033,1000.0,0.0,-0.0,1.0
MT-CYTB,KIRREL3,0.45066460346272513,1000.0,0.0,-0.0,1.0
TAC2,MT-ND1,0.4506223050198021,-0.0,1.0,1000.0,0.0
PLP1,NCDN,0.4506166324880951,242.99209357189034,1.0183719488058673e-243,-0.0,1.0
MT-ND1,RPRM,0.45056687537185086,1000.0,0.0,-0.0,1.0
MT-CYTB,WFS1,0.45052315712911073,1000.0,0.0,-0.0,1.0
MT-RNR2,FGFR2,0.45052249436888414,1000.0,0.0,-0.0,1.0
MT-RNR2,NAT14,0.45047973199417113,1000.0,0.0,-0.0,1.0
MT-RNR1,RGS14,0.4503674377859237,1000.0,0.0,-0.0,1.0
MT-CYTB,CNR1,0.45036685953619043,1000.0,0.0,-0.0,1.0
MOBP,SYT1,0.4503550770509277,-0.0,1.0,94.35538915906002,4.4117494573086633e-95
MT-ND1,EVI2A,0.45033574949252003,1000.0,0.0,-0.0,1.0
MT-CYTB,MPPED1,0.4502840790817874,1000.0,0.0,-0.0,1.0
MT-CYTB,FOXG1,0.450156146316926,1000.0,0.0,-0.0,1.0
MT-ND1,KIRREL3,0.4501556027462617,1000.0,0.0,-0.0,1.0
PTGDS,TSPAN7,0.4501546079261766,-0.0,1.0,0.0010532649136538316,0.9975777064101958
SYT1,GLUL,0.4500854841407094,-0.0,1.0,202.94813417778977,1.1268492557998885e-203
MT-CYTB,MAOB,0.45008467349644105,1000.0,0.0,-0.0,1.0
MT-ND1,WFS1,0.4497875710312384,1000.0,0.0,-0.0,1.0
MT-RNR2,PTPN4,0.44972996499006895,1000.0,0.0,-0.0,1.0
MT-ND1,ARC,0.44967406046505654,1000.0,0.0,-0.0,1.0
MT-ND1,CNR1,0.44963129552742676,1000.0,0.0,-0.0,1.0
MT-ND1,TMBIM1,0.4495936926211841,1000.0,0.0,-0.0,1.0
MT-ND1,MAOB,0.44957567305035484,1000.0,0.0,-0.0,1.0
MT-RNR2,MTFP1,0.44957447346403445,1000.0,0.0,-0.0,1.0
MT-RNR2,RAPGEF4,0.4495185238110091,1000.0,0.0,-0.0,1.0
PCP4,SLC1A2,0.4494548658477262,33.50448669367445,3.129776363146295e-34,-0.0,1.0
MT-RNR2,2310022B05RIK,0.4494192568608698,1000.0,0.0,-0.0,1.0
MT-CYTB,GABRA3,0.4493627255632524,1000.0,0.0,-0.0,1.0
MT-RNR2,SCRT1,0.44936218312775,1000.0,0.0,-0.0,1.0
MT-CYTB,RGS10,0.4492647139113838,1000.0,0.0,-0.0,1.0
MEG3,ALDOC,0.44909817119814466,-0.0,1.0,4.962690505870263,1.0897063813123215e-05
MT-RNR2,NPTX1,0.4490516433034343,1000.0,0.0,-0.0,1.0
MT-RNR2,PDCD4,0.4490091092836795,1000.0,0.0,-0.0,1.0
MT-CYTB,IGSF21,0.44895353228161045,1000.0,0.0,-0.0,1.0
MT-ND1,NR4A2,0.4489388929185823,1000.0,0.0,-0.0,1.0
MT-CYTB,TMBIM1,0.4489119580408394,1000.0,0.0,-0.0,1.0
MT-CYTB,NR4A2,0.44888162871572723,1000.0,0.0,-0.0,1.0
MT-CYTB,EVI2A,0.44885817842400916,1000.0,0.0,-0.0,1.0
MT-CYTB,GARNL3,0.4488553796717593,1000.0,0.0,-0.0,1.0
MT-CYTB,RGS6,0.44884008177467605,1000.0,0.0,-0.0,1.0
MT-RNR1,ERBB4,0.4487851541646511,1000.0,0.0,-0.0,1.0
MT-RNR2,CRIP2,0.4487686502140324,1000.0,0.0,-0.0,1.0
MT-RNR2,ASPH,0.44876814990693703,1000.0,0.0,-0.0,1.0
MT-RNR1,THRSP,0.4487410693734274,1000.0,0.0,-0.0,1.0
MT-ND1,FOXG1,0.44874074277421844,1000.0,0.0,-0.0,1.0
GLUL,CALM3,0.4487292281006871,3.621558445344902,0.00023902402462101498,-0.0,1.0
MT-RNR2,CAMKK1,0.44871181419567463,1000.0,0.0,-0.0,1.0
MT-CYTB,KCNAB3,0.4486839897779042,1000.0,0.0,-0.0,1.0
MT-ND1,PDLIM2,0.4486521671769826,1000.0,0.0,-0.0,1.0
MT-CYTB,VSTM2A,0.4486136987835692,1000.0,0.0,-0.0,1.0
MT-ND1,MPPED1,0.44852863494636896,1000.0,0.0,-0.0,1.0
MT-RNR1,PLCXD2,0.44852824033955785,1000.0,0.0,-0.0,1.0
IGFBP4,MT-RNR2,0.44851414668012435,-0.0,1.0,1000.0,0.0
MT-ND1,IGSF21,0.4485012270162272,1000.0,0.0,-0.0,1.0
MT-RNR2,ELMOD1,0.4484574204802571,1000.0,0.0,-0.0,1.0
MT-ND1,GABRA3,0.44840067014237656,1000.0,0.0,-0.0,1.0
MT-RNR2,FAM81A,0.4483864503728165,1000.0,0.0,-0.0,1.0
MT-CYTB,PDLIM2,0.44836607853818783,1000.0,0.0,-0.0,1.0
MT-RNR2,GRIK5,0.44835806181445353,1000.0,0.0,-0.0,1.0
MT-RNR2,UHMK1,0.44835803231708365,1000.0,0.0,-0.0,1.0
MT-RNR2,CAR10,0.44834413175802096,1000.0,0.0,-0.0,1.0
MT-RNR2,JPH3,0.44834398152005556,1000.0,0.0,-0.0,1.0
MT-ND1,SLAIN1,0.44829199104245887,1000.0,0.0,-0.0,1.0
MT-ND1,RGS6,0.4482744399896522,1000.0,0.0,-0.0,1.0
MT-CYTB,GPC5,0.4482036442766461,1000.0,0.0,-0.0,1.0
MT-RNR2,CPNE7,0.4481882686258203,1000.0,0.0,-0.0,1.0
MT-ND1,GPC5,0.4480912944110592,1000.0,0.0,-0.0,1.0
MT-RNR2,DDAH1,0.44807506122700075,1000.0,0.0,-0.0,1.0
MT-CYTB,RASD2,0.4480477172867213,1000.0,0.0,-0.0,1.0
MT-RNR2,DTNBP1,0.44804705369165254,1000.0,0.0,-0.0,1.0
MT-RNR2,GABRA2,0.44804697852310876,1000.0,0.0,-0.0,1.0
MT-RNR1,GM5741,0.4480344549155375,1000.0,0.0,-0.0,1.0
MT-RNR2,TUBB2B,0.4480332286505783,1000.0,0.0,-0.0,1.0
MT-RNR1,CAR4,0.4480191368454187,1000.0,0.0,-0.0,1.0
MT-RNR1,RAB3B,0.44799133502659383,1000.0,0.0,-0.0,1.0
MT-RNR2,HMGN1,0.447990475059587,1000.0,0.0,-0.0,1.0
MT-RNR2,ELAVL2,0.44797654975196943,1000.0,0.0,-0.0,1.0
GNG8,MT-RNR1,0.447908402450859,-0.0,1.0,1000.0,0.0
MT-ND1,CCND2,0.4478938410620497,1000.0,0.0,-0.0,1.0
MT-ND1,GARNL3,0.4478930940804877,1000.0,0.0,-0.0,1.0
MT-CYTB,CCND2,0.44789276387475546,1000.0,0.0,-0.0,1.0
GLUL,ZWINT,0.4478213752939077,0.01473667597043675,0.9666367983517901,-0.0,1.0
MT-ND1,KCNAB3,0.4477785246370923,1000.0,0.0,-0.0,1.0
MT-ND1,VSTM2A,0.44776482454693706,1000.0,0.0,-0.0,1.0
MT-RNR2,KCNA6,0.4477361399659936,1000.0,0.0,-0.0,1.0
MT-ND1,A830018L16RIK,0.4476809249864213,1000.0,0.0,-0.0,1.0
MT-CYTB,A830018L16RIK,0.4476800204001334,1000.0,0.0,-0.0,1.0
MT-CYTB,SLAIN1,0.4476670471011331,1000.0,0.0,-0.0,1.0
MT-ND1,GJC3,0.4476635398010489,1000.0,0.0,-0.0,1.0
MOBP,BASP1,0.44760687088037304,-0.0,1.0,20.74240195370087,1.8096644138820163e-21
CAMK2A,SCD2,0.4475934429124936,27.51541831731187,3.051979995650539e-28,-0.0,1.0
MT-RNR1,GLTP,0.4475688257950038,1000.0,0.0,-0.0,1.0
MT-ND1,RGS10,0.4475662616612825,1000.0,0.0,-0.0,1.0
MT-RNR1,RAB26,0.44755292056884505,1000.0,0.0,-0.0,1.0
OLFM1,ATP1A2,0.4475474630964327,145.85047003771774,1.411009579645124e-146,-0.0,1.0
MT-RNR2,SPOCK3,0.4475377707493195,1000.0,0.0,-0.0,1.0
MT-RNR2,KCNQ3,0.4475376417780202,1000.0,0.0,-0.0,1.0
MT-RNR2,6330403A02RIK,0.4474671630404812,1000.0,0.0,-0.0,1.0
MT-RNR2,AIFM3,0.44745269588236863,1000.0,0.0,-0.0,1.0
MT-RNR1,ITIH3,0.44743956160656784,1000.0,0.0,-0.0,1.0
MT-RNR2,CIT,0.44739616736682664,1000.0,0.0,-0.0,1.0
MT-RNR2,TNIK,0.44736823650557545,1000.0,0.0,-0.0,1.0
MT-RNR2,NEGR1,0.4473681504435684,1000.0,0.0,-0.0,1.0
NDRG4,GLUL,0.4473601434729494,-0.0,1.0,81.11130096552557,7.739252826817588e-82
MT-RNR2,BRAF,0.4473537333708446,1000.0,0.0,-0.0,1.0
MT-ND1,RASD2,0.44725549554977606,1000.0,0.0,-0.0,1.0
MT-RNR2,ZFP148,0.4472549142947918,1000.0,0.0,-0.0,1.0
MT-CYTB,PLTP,0.44722781236871567,1000.0,0.0,-0.0,1.0
MT-RNR2,CAMK4,0.4471840251668302,1000.0,0.0,-0.0,1.0
MT-ND1,PRR18,0.4470995661752109,1000.0,0.0,-0.0,1.0
MT-CYTB,CALN1,0.4470295693158009,1000.0,0.0,-0.0,1.0
ATP6V1G2,GLUL,0.4470223721848683,-0.0,1.0,102.84420615825701,1.4315082054124922e-103
MT-ND1,PLTP,0.44700216016406435,1000.0,0.0,-0.0,1.0
MT-CYTB,CRTAC1,0.44700128005898665,1000.0,0.0,-0.0,1.0
MT-RNR2,DAB1,0.4469869332910975,1000.0,0.0,-0.0,1.0
MT-RNR2,MPP6,0.44698602945274385,1000.0,0.0,-0.0,1.0
MT-ND1,GNG11,0.44697782552626497,1000.0,0.0,-0.0,1.0
MEG3,PLP1,0.446949097150896,-0.0,1.0,2.862089588548381e-08,0.999999934097954
SNCG,MT-RNR1,0.4469456726210276,-0.0,1.0,1000.0,0.0
CAMK2N1,MBP,0.4469346394426588,-0.0,1.0,0.8581003259256343,0.13864355128206002
GLUL,GABARAPL1,0.44691499010878766,8.225037114126582,5.95611241349711e-09,-0.0,1.0
MT-RNR2,SEZ6,0.4469015562742911,1000.0,0.0,-0.0,1.0
MT-RNR2,KCNMB4,0.44687287214477933,1000.0,0.0,-0.0,1.0
MOBP,THY1,0.4468636162421178,-0.0,1.0,1000.0,0.0
MT-RNR2,RSRC1,0.4467881405419142,1000.0,0.0,-0.0,1.0
MT-CYTB,FGFR3,0.4467743549932568,1000.0,0.0,-0.0,1.0
MT-RNR2,5031439G07RIK,0.44677407486307125,1000.0,0.0,-0.0,1.0
FXYD6,MT-RNR2,0.44677407486307125,-0.0,1.0,1000.0,0.0
MBP,CALM2,0.446768491985753,-0.0,1.0,16.812240274295863,1.5408477399765756e-17
MT-CYTB,GNG11,0.44674934886978657,1000.0,0.0,-0.0,1.0
MT-RNR2,DLG2,0.4467179407990053,1000.0,0.0,-0.0,1.0
MT-ND1,FGFR3,0.4466618089780726,1000.0,0.0,-0.0,1.0
PTGDS,ARF3,0.4466337599668384,52.30067306177143,5.004111042442072e-53,-0.0,1.0
MEG3,CLU,0.4466329733448449,51.387279918968865,4.099397963510821e-52,-0.0,1.0
MT-RNR2,GRM5,0.446632760302978,1000.0,0.0,-0.0,1.0
MT-RNR2,ABCA2,0.4465337477357975,1000.0,0.0,-0.0,1.0
MT-ND1,CALN1,0.44652058129675387,1000.0,0.0,-0.0,1.0
MT-CYTB,GNG7,0.4464633956702499,1000.0,0.0,-0.0,1.0
MT-CYTB,SHOX2,0.4464349913117004,1000.0,0.0,-0.0,1.0
MOBP,ITM2C,0.4464306268461052,-0.0,1.0,135.54501108195262,2.850945518602962e-136
TAC2,MT-RNR1,0.446409879832563,-0.0,1.0,1000.0,0.0
GFAP,MT-ND1,0.4464012663829721,-0.0,1.0,1000.0,0.0
MT-RNR2,PNKD,0.4463637289145582,1000.0,0.0,-0.0,1.0
MT-ND1,CRTAC1,0.44632233789874426,1000.0,0.0,-0.0,1.0
MT-CYTB,GSTO1,0.44627945688111986,1000.0,0.0,-0.0,1.0
MT-RNR1,WFS1,0.44625545176538794,1000.0,0.0,-0.0,1.0
MT-RNR2,CAMKK2,0.44623639372516033,1000.0,0.0,-0.0,1.0
MOBP,SNHG11,0.44623368079200065,-0.0,1.0,264.91119070142565,1.2269003732248811e-265
MT-ND1,PPP1R16B,0.44622637173944874,1000.0,0.0,-0.0,1.0
MT-ND1,GSTO1,0.4462236207801305,1000.0,0.0,-0.0,1.0
MT-ND1,RORB,0.4461818643613285,1000.0,0.0,-0.0,1.0
GAD2,MT-CYTB,0.44618159674837066,-0.0,1.0,1000.0,0.0
ARF3,PLP1,0.4461431940554352,-0.0,1.0,1000.0,0.0
MT-RNR2,VGF,0.4461373199993946,1000.0,0.0,-0.0,1.0
MT-ND1,GNG7,0.44612431310320333,1000.0,0.0,-0.0,1.0
MT-RNR2,POP5,0.446123341562038,1000.0,0.0,-0.0,1.0
MT-CYTB,PPP1R16B,0.4461116237000078,1000.0,0.0,-0.0,1.0
GLUL,MDH1,0.4460718419245323,-0.0,1.0,40.44578567726975,3.5827319999023363e-41
CALB1,MT-RNR2,0.44606662632649713,-0.0,1.0,1000.0,0.0
MT-RNR1,KIRREL3,0.446056637365965,1000.0,0.0,-0.0,1.0
MT-RNR1,NBL1,0.44598225472065045,1000.0,0.0,-0.0,1.0
SNAP25,PLP1,0.4459771169412838,52.847188423354076,1.4217118282552836e-53,-0.0,1.0
MT-CYTB,PRR18,0.44596152923915977,1000.0,0.0,-0.0,1.0
MT-CYTB,GJC3,0.445958695535495,1000.0,0.0,-0.0,1.0
MT-CYTB,CTSS,0.44591544863371585,1000.0,0.0,-0.0,1.0
MT-RNR1,RASGRF2,0.4459124391661023,1000.0,0.0,-0.0,1.0
MT-RNR1,LCAT,0.4459122878055257,1000.0,0.0,-0.0,1.0
MT-ND1,ID3,0.4458996606901605,1000.0,0.0,-0.0,1.0
MT-RNR2,CABP1,0.44589702701609923,1000.0,0.0,-0.0,1.0
MT-ND1,SOX2OT,0.4458685594127906,1000.0,0.0,-0.0,1.0
MT-RNR2,ICAM5,0.44579813583711436,1000.0,0.0,-0.0,1.0
MT-RNR2,NEUROD6,0.44579801440231537,1000.0,0.0,-0.0,1.0
MT-CYTB,MARK1,0.445770992978446,1000.0,0.0,-0.0,1.0
MT-ND1,SHOX2,0.44575604838711863,1000.0,0.0,-0.0,1.0
MT-CYTB,CNIH3,0.44575558042499147,1000.0,0.0,-0.0,1.0
MOBP,STMN3,0.44574062952207033,-0.0,1.0,1000.0,0.0
MT-RNR1,EZR,0.44572942490584816,1000.0,0.0,-0.0,1.0
MT-CYTB,RORB,0.44572775909868173,1000.0,0.0,-0.0,1.0
MT-RNR2,FGF13,0.44572712473176584,1000.0,0.0,-0.0,1.0
MT-CYTB,TMEM176B,0.44569977153209644,1000.0,0.0,-0.0,1.0
MT-RNR2,FBXO2,0.44569916734481907,1000.0,0.0,-0.0,1.0
MT-RNR2,ELMO1,0.4456990017885707,1000.0,0.0,-0.0,1.0
MT-RNR2,TCEAL6,0.4456988650766165,1000.0,0.0,-0.0,1.0
CRYM,MT-RNR2,0.44568538189844376,-0.0,1.0,1000.0,0.0
MT-RNR2,ARPC5,0.4456848571294675,1000.0,0.0,-0.0,1.0
HOPX,MT-RNR1,0.4456723909423632,-0.0,1.0,1000.0,0.0
MT-RNR2,PTPN5,0.4456421353707606,1000.0,0.0,-0.0,1.0
MT-ND1,CNIH3,0.4455862577182129,1000.0,0.0,-0.0,1.0
MT-CYTB,ID3,0.4455585991913069,1000.0,0.0,-0.0,1.0
HS3ST4,MT-RNR2,0.44555759389393323,-0.0,1.0,1000.0,0.0
MT-RNR2,PDIA6,0.44555755519757495,1000.0,0.0,-0.0,1.0
PPP3CA,ATP1A2,0.44547869577248267,66.44002873146964,3.630540355354934e-67,-0.0,1.0
MT-ND1,TMEM176B,0.4454740344572442,1000.0,0.0,-0.0,1.0
MT-RNR2,PHYHIP,0.4454729465328196,1000.0,0.0,-0.0,1.0
MT-RNR2,CHD5,0.4454300085163756,1000.0,0.0,-0.0,1.0
MT-RNR2,TMEM106B,0.44537363772112326,1000.0,0.0,-0.0,1.0
GLUL,TTC3,0.4453519396773501,0.1065515353225636,0.7824353522846927,-0.0,1.0
MT-RNR1,CNR1,0.4452480527748533,1000.0,0.0,-0.0,1.0
GFAP,MT-CYTB,0.44520796551792646,-0.0,1.0,1000.0,0.0
MOBP,VSNL1,0.44518501373985575,-0.0,1.0,59.56161882674153,2.7439814636032666e-60
MT-CYTB,DPY19L1,0.4451764858975723,1000.0,0.0,-0.0,1.0
MT-RNR1,TNS3,0.4451637379355002,1000.0,0.0,-0.0,1.0
MT-ND1,DPY19L1,0.44512075132534007,1000.0,0.0,-0.0,1.0
MT-CYTB,IL33,0.44509646102377587,1000.0,0.0,-0.0,1.0
MT-RNR2,PITPNC1,0.4450628012379048,1000.0,0.0,-0.0,1.0
GAD2,MT-ND1,0.44504939266247245,-0.0,1.0,1000.0,0.0
MT-CYTB,HAP1,0.4450076821070349,1000.0,0.0,-0.0,1.0
MT-CYTB,ID4,0.44492223910363105,1000.0,0.0,-0.0,1.0
MT-RNR2,PRPF4B,0.4449210842909185,1000.0,0.0,-0.0,1.0
HPCA,NDRG2,0.4449091398329066,-0.0,1.0,1000.0,0.0
MT-CYTB,HOMER1,0.4449084123990975,1000.0,0.0,-0.0,1.0
MT-RNR1,RPRM,0.4448809447300008,1000.0,0.0,-0.0,1.0
MT-RNR2,RGS8,0.44482178784111176,1000.0,0.0,-0.0,1.0
UCHL1,GLUL,0.4448193015158215,-0.0,1.0,165.78952066478837,1.6236010937531076e-166
MT-RNR2,GATM,0.4447659232959927,1000.0,0.0,-0.0,1.0
MT-RNR2,NEUROD2,0.444751521536825,1000.0,0.0,-0.0,1.0
MT-RNR2,S100A16,0.4447239253852316,1000.0,0.0,-0.0,1.0
MT-ND1,MARK1,0.4446955024809443,1000.0,0.0,-0.0,1.0
MT-RNR2,MAPK3,0.44469489692519276,1000.0,0.0,-0.0,1.0
MT-RNR2,NTSR2,0.4446947309942395,1000.0,0.0,-0.0,1.0
CAMK2A,GLUL,0.4446694840984734,-0.0,1.0,0.0003700457954947576,0.9991483009692581
MT-RNR2,SLC17A6,0.44466622083360574,1000.0,0.0,-0.0,1.0
PPP3CA,CLU,0.4446622439158145,-0.0,1.0,0.22521815992556884,0.5953629986380101
GLUL,DYNLL2,0.44465480431020304,1.644046376604447,0.02269622474860031,-0.0,1.0
PVALB,MT-CYTB,0.44463966479377975,-0.0,1.0,1000.0,0.0
MT-RNR2,PPM1L,0.4446098260681675,1000.0,0.0,-0.0,1.0
BOK,MT-RNR2,0.44458157372189294,-0.0,1.0,1000.0,0.0
MT-RNR2,STK39,0.44455349640481334,1000.0,0.0,-0.0,1.0
MT-RNR2,ARHGEF4,0.44455317889516965,1000.0,0.0,-0.0,1.0
MOBP,ATP1A3,0.4445482802353302,-0.0,1.0,89.18217103349,6.573988900879526e-90
MT-CYTB,SATB1,0.44454033433791595,1000.0,0.0,-0.0,1.0
MT-ND1,ID4,0.4445265919950153,1000.0,0.0,-0.0,1.0
MT-RNR2,SUPT6,0.44449670576766703,1000.0,0.0,-0.0,1.0
MBP,NCDN,0.44448615508654415,1000.0,0.0,-0.0,1.0
MT-RNR2,UBR3,0.4444826404969763,1000.0,0.0,-0.0,1.0
MT-ND1,CTSS,0.44444276947387223,1000.0,0.0,-0.0,1.0
PTGDS,NCDN,0.44442471333441186,-0.0,1.0,-0.0,1.0
MT-CYTB,SOX2OT,0.44439016310032764,1000.0,0.0,-0.0,1.0
MT-RNR1,ARC,0.44438452385145566,1000.0,0.0,-0.0,1.0
MT-RNR2,SIPA1L1,0.4443833816164118,1000.0,0.0,-0.0,1.0
MT-RNR2,KCNJ9,0.44432709169700413,1000.0,0.0,-0.0,1.0
MT-RNR1,FOXG1,0.4443013237282127,1000.0,0.0,-0.0,1.0
MT-RNR2,SIRPA,0.4442985749720338,1000.0,0.0,-0.0,1.0
MT-RNR2,MSMO1,0.44428443030964293,1000.0,0.0,-0.0,1.0
MOBP,CALM3,0.4442525296165873,-0.0,1.0,1000.0,0.0
MT-CYTB,FAM163B,0.4442430079606944,1000.0,0.0,-0.0,1.0
MT-RNR2,NREP,0.4442419349729356,1000.0,0.0,-0.0,1.0
MT-RNR1,NR4A2,0.44415947221200713,1000.0,0.0,-0.0,1.0
MT-RNR2,SRXN1,0.44415709676367704,1000.0,0.0,-0.0,1.0
MT-ND1,IL33,0.44413391485035086,1000.0,0.0,-0.0,1.0
MT-ND1,FAM163B,0.4441306289519318,1000.0,0.0,-0.0,1.0
MT-RNR2,UBE2QL1,0.44412874968692545,1000.0,0.0,-0.0,1.0
MT-ND1,HOMER1,0.4441161513206933,1000.0,0.0,-0.0,1.0
MT-CYTB,NWD2,0.4441024275464318,1000.0,0.0,-0.0,1.0
MT-ND1,HAP1,0.444102087237318,1000.0,0.0,-0.0,1.0
MT-RNR2,ELAVL4,0.4440579758311227,1000.0,0.0,-0.0,1.0
MT-RNR2,LPGAT1,0.44403014427137993,1000.0,0.0,-0.0,1.0
PLP1,ATP1B1,0.44402482434064267,71.38322283735042,4.1378730526290423e-72,-0.0,1.0
MT-RNR2,FGF12,0.4439872768620955,1000.0,0.0,-0.0,1.0
GLUL,PKM,0.4439677226611724,24.51636964974681,3.045301877538055e-25,-0.0,1.0
MT-RNR2,SCCPDH,0.4439308823784415,1000.0,0.0,-0.0,1.0
MT-RNR2,ALDH1A1,0.44393081375006593,1000.0,0.0,-0.0,1.0
ARF3,GLUL,0.44383133823436804,-0.0,1.0,79.38171079044531,4.152304648465328e-80
PVALB,MT-ND1,0.44367743731464276,-0.0,1.0,1000.0,0.0
MT-ND1,SATB1,0.443634788869355,1000.0,0.0,-0.0,1.0
MT-RNR2,MSI2,0.4436058526337024,1000.0,0.0,-0.0,1.0
MT-ND1,NWD2,0.4435934965102724,1000.0,0.0,-0.0,1.0
MT-ND1,SOX2,0.44356694940575075,1000.0,0.0,-0.0,1.0
MT-RNR2,JOSD2,0.44353570855370245,1000.0,0.0,-0.0,1.0
MT-CYTB,B2M,0.4435226801579401,1000.0,0.0,-0.0,1.0
MT-RNR1,MAOB,0.443493144284096,1000.0,0.0,-0.0,1.0
ATP1A3,GLUL,0.44349236532594855,-0.0,1.0,173.93851013026236,1.1520991858874537e-174
MT-RNR2,RNF13,0.4434500805748619,1000.0,0.0,-0.0,1.0
MT-RNR2,FNDC5,0.44339346125099804,1000.0,0.0,-0.0,1.0
MT-CYTB,AGT,0.44338032684463696,1000.0,0.0,-0.0,1.0
MT-RNR2,SERPINI1,0.44337944413074604,1000.0,0.0,-0.0,1.0
MT-RNR2,STRN4,0.44337931659326946,1000.0,0.0,-0.0,1.0
MT-ND1,SOWAHA,0.4433663308136873,1000.0,0.0,-0.0,1.0
MT-RNR2,NOS1AP,0.44335106797986323,1000.0,0.0,-0.0,1.0
MT-RNR2,NT5DC3,0.44335071989871844,1000.0,0.0,-0.0,1.0
MT-CYTB,SOX2,0.4433388938297349,1000.0,0.0,-0.0,1.0
MT-RNR1,GABRA3,0.44333755328500585,1000.0,0.0,-0.0,1.0
PLP1,ALDOC,0.4433141638730279,-0.0,1.0,0.001945548194434651,0.9955302290231978
MT-RNR2,MAL2,0.443294303943765,1000.0,0.0,-0.0,1.0
MT-RNR2,MGST3,0.4432658988932737,1000.0,0.0,-0.0,1.0
MT-ND4,THBS4,0.44323775875625415,1000.0,0.0,-0.0,1.0
MT-RNR1,MPPED1,0.44318252780417317,1000.0,0.0,-0.0,1.0
MT-ND1,KBTBD11,0.4431283460506909,1000.0,0.0,-0.0,1.0
MT-RNR1,RGS10,0.4431264499936137,1000.0,0.0,-0.0,1.0
MT-CYTB,FABP7,0.44308478591239525,1000.0,0.0,-0.0,1.0
MT-ND1,RGS17,0.44308384199505235,1000.0,0.0,-0.0,1.0
MT-RNR2,NLGN1,0.44308250056010906,1000.0,0.0,-0.0,1.0
MT-RNR1,TMBIM1,0.4430572661739671,1000.0,0.0,-0.0,1.0
MT-CYTB,DNAJC21,0.4430431216213386,1000.0,0.0,-0.0,1.0
MT-RNR1,VSTM2A,0.4430420498191823,1000.0,0.0,-0.0,1.0
MT-CYTB,RGS17,0.44296966949014177,1000.0,0.0,-0.0,1.0
MT-CYTB,GRM7,0.44295885887372094,1000.0,0.0,-0.0,1.0
MT-CYTB,SOWAHA,0.4429125428887287,1000.0,0.0,-0.0,1.0
MT-RNR1,A830018L16RIK,0.4428452151697998,1000.0,0.0,-0.0,1.0
MT-CYTB,GPRIN1,0.4428007020635197,1000.0,0.0,-0.0,1.0
NCDN,CLU,0.44278227572572354,-0.0,1.0,0.004867137627426375,0.9888555659236609
KCNAB3,MT-RNR1,0.44265887926955466,-0.0,1.0,1000.0,0.0
MT-RNR1,RGS6,0.44264511129322,1000.0,0.0,-0.0,1.0
MT-RNR2,POLR2E,0.4426296497349361,1000.0,0.0,-0.0,1.0
MT-CYTB,ADGRA1,0.4426169854937085,1000.0,0.0,-0.0,1.0
MT-CYTB,FXYD7,0.44258913680763495,1000.0,0.0,-0.0,1.0
MT-ND1,B2M,0.4425604070529023,1000.0,0.0,-0.0,1.0
MT-RNR2,KNDC1,0.4425589672215988,1000.0,0.0,-0.0,1.0
MT-RNR1,SLAIN1,0.4425494540478017,1000.0,0.0,-0.0,1.0
MBP,ATP1B1,0.4425098230691651,1000.0,0.0,-0.0,1.0
MT-RNR2,ANXA5,0.4425020190249445,1000.0,0.0,-0.0,1.0
MT-RNR1,RASD2,0.44247598003933414,1000.0,0.0,-0.0,1.0
MT-RNR1,CRTAC1,0.44245017288940436,1000.0,0.0,-0.0,1.0
MT-RNR1,CCND2,0.44243467657086233,1000.0,0.0,-0.0,1.0
MT-ND1,AGT,0.44241815193235284,1000.0,0.0,-0.0,1.0
MT-RNR2,FABP3,0.44240337600158663,1000.0,0.0,-0.0,1.0
MT-RNR1,PLTP,0.44239333252226004,1000.0,0.0,-0.0,1.0
MT-RNR1,GPC5,0.44234867867536715,1000.0,0.0,-0.0,1.0
PLP1,CALM2,0.44233462330140616,-0.0,1.0,152.3881239797928,4.0914384311799285e-153
MT-CYTB,KBTBD11,0.44233369813269313,1000.0,0.0,-0.0,1.0
MT-RNR2,PPP1R1A,0.44229035205628014,1000.0,0.0,-0.0,1.0
MT-ND1,FAM3C,0.4422779556955555,1000.0,0.0,-0.0,1.0
MT-CYTB,KCNAB1,0.44226290144724,1000.0,0.0,-0.0,1.0
MT-ND1,OPALIN,0.4422510548553475,1000.0,0.0,-0.0,1.0
MT-ND4,CPLX3,0.4422344705150538,1000.0,0.0,-0.0,1.0
MT-CYTB,FAM3C,0.44222032588534665,1000.0,0.0,-0.0,1.0
MT-ND4,VIP,0.4422057999234941,1000.0,0.0,-0.0,1.0
MOBP,YWHAB,0.4421895407902216,-0.0,1.0,121.43689562636214,3.6568266526944315e-122
MT-CYTB,IGFBP5,0.44215382629403793,1000.0,0.0,-0.0,1.0
MT-RNR1,GNG7,0.44213873108121754,1000.0,0.0,-0.0,1.0
MT-RNR2,NGEF,0.4421347608834953,1000.0,0.0,-0.0,1.0
MT-ND1,TMEM88B,0.4420925212044142,1000.0,0.0,-0.0,1.0
MT-ND4,MYOC,0.4420919178975723,1000.0,0.0,-0.0,1.0
MT-ND1,VSTM2L,0.4420790213203352,1000.0,0.0,-0.0,1.0
MT-ND1,FABP7,0.44206578675685004,1000.0,0.0,-0.0,1.0
MT-RNR2,A230050P20RIK,0.4420220394518031,1000.0,0.0,-0.0,1.0
MBP,SNAP25,0.4419891522280573,-0.0,1.0,3.317756811655422e-05,0.9999236087441936
MT-RNR1,EVI2A,0.4419830127928014,1000.0,0.0,-0.0,1.0
MT-CYTB,VSTM2L,0.44196502505881285,1000.0,0.0,-0.0,1.0
MT-RNR2,KCNQ2,0.4419507896486999,1000.0,0.0,-0.0,1.0
MT-RNR1,IGSF21,0.441908821483988,1000.0,0.0,-0.0,1.0
MT-RNR1,CNIH3,0.4418836264575928,1000.0,0.0,-0.0,1.0
MT-ND1,ADGRA1,0.4418813830024488,1000.0,0.0,-0.0,1.0
MT-RNR2,ITPKA,0.4418802052629122,1000.0,0.0,-0.0,1.0
MT-RNR2,PIP5K1C,0.4418799438600436,1000.0,0.0,-0.0,1.0
MT-ND1,FXYD7,0.44185352590839727,1000.0,0.0,-0.0,1.0
MT-CYTB,JUNB,0.4417549916726757,1000.0,0.0,-0.0,1.0
MT-RNR1,GARNL3,0.44175384408219054,1000.0,0.0,-0.0,1.0
PLP1,MT-ND5,0.4417399466884917,-0.0,1.0,0.0014292668860753355,0.9967144008073097
MT-ND1,GPRIN1,0.44172519566206014,1000.0,0.0,-0.0,1.0
MT-CYTB,SYNPR,0.44169784520825045,1000.0,0.0,-0.0,1.0
MT-CYTB,AK5,0.4416973429198367,1000.0,0.0,-0.0,1.0
MT-ND1,CLIC4,0.4416611121498504,1000.0,0.0,-0.0,1.0
MT-RNR2,CDK14,0.4416252020249228,1000.0,0.0,-0.0,1.0
MT-RNR2,TMEM47,0.4415970506825167,1000.0,0.0,-0.0,1.0
MT-RNR2,NR2F1,0.4415970134579705,1000.0,0.0,-0.0,1.0
MT-RNR2,ARHGEF2,0.4415829060236489,1000.0,0.0,-0.0,1.0
MT-ND1,DNAJC21,0.44157063393412144,1000.0,0.0,-0.0,1.0
MT-ND1,KCNAB1,0.4414706605147249,1000.0,0.0,-0.0,1.0
MT-RNR2,S100A1,0.44144182289403616,1000.0,0.0,-0.0,1.0
ATP1A2,ATP6V1G2,0.44143521818607184,-0.0,1.0,1.0711267334753845e-12,0.9999999999975336
MT-RNR2,CLMN,0.4414273147761586,1000.0,0.0,-0.0,1.0
MT-RNR1,CALN1,0.4414012777594994,1000.0,0.0,-0.0,1.0
MT-RNR2,SORL1,0.4413850034511695,1000.0,0.0,-0.0,1.0
MT-RNR1,SHOX2,0.4413731890944952,1000.0,0.0,-0.0,1.0
MT-ND1,IGFBP5,0.44136145334560367,1000.0,0.0,-0.0,1.0
MT-RNR2,OLIG1,0.44135764544274525,1000.0,0.0,-0.0,1.0
MT-RNR2,HSPA4L,0.44135659148187767,1000.0,0.0,-0.0,1.0
CAMK2N1,PTGDS,0.4413536616417775,1000.0,0.0,-0.0,1.0
MT-CYTB,FAM212B,0.4413301757574632,1000.0,0.0,-0.0,1.0
MT-RNR2,EVL,0.4413283021641711,1000.0,0.0,-0.0,1.0
MT-CYTB,LIN7A,0.44131521156783576,1000.0,0.0,-0.0,1.0
MT-RNR2,GM1673,0.44131441924409676,1000.0,0.0,-0.0,1.0
ATP1A2,APLP1,0.44127280978776634,-0.0,1.0,70.79217612577412,1.6137039951963474e-71
MT-ND1,GRM7,0.44125954479977214,1000.0,0.0,-0.0,1.0
MT-ND1,JUNB,0.4412460957745369,1000.0,0.0,-0.0,1.0
MT-RNR2,BCAS1,0.44124427818225037,1000.0,0.0,-0.0,1.0
MT-RNR2,UBE2E2,0.44124379783360235,1000.0,0.0,-0.0,1.0
MT-RNR2,PPFIA2,0.441243396956634,1000.0,0.0,-0.0,1.0
MT-RNR2,GJA1,0.4412431435560612,1000.0,0.0,-0.0,1.0
MT-RNR2,ATCAY,0.441200777654407,1000.0,0.0,-0.0,1.0
MT-ND1,SYNPR,0.441188915703645,1000.0,0.0,-0.0,1.0
MT-RNR2,PTPRZ1,0.4411441744680202,1000.0,0.0,-0.0,1.0
MOBP,TUBB2A,0.4410835796307701,-0.0,1.0,104.85159080472772,1.407372936164918e-105
MT-RNR1,GNG11,0.44106513637739764,1000.0,0.0,-0.0,1.0
MT-ND1,LIN7A,0.4410328739314233,1000.0,0.0,-0.0,1.0
MT-RNR2,ATOX1,0.4410315262355076,1000.0,0.0,-0.0,1.0
MT-CYTB,TMEM88B,0.4409544105150237,1000.0,0.0,-0.0,1.0
MT-RNR2,STMN1,0.44094651914926886,1000.0,0.0,-0.0,1.0
MT-RNR1,PDLIM2,0.44092339893850246,1000.0,0.0,-0.0,1.0
CAMK2A,CD81,0.44091998372129365,189.82544160553832,1.4947150055701719e-190,-0.0,1.0
MT-CYTB,COTL1,0.44091963229706416,1000.0,0.0,-0.0,1.0
MT-RNR1,FGFR3,0.44091916206998505,1000.0,0.0,-0.0,1.0
MT-CYTB,CXCL14,0.44090592991132915,1000.0,0.0,-0.0,1.0
MT-RNR1,GSTO1,0.44087764072038604,1000.0,0.0,-0.0,1.0
NRGN,CLU,0.4408668267224931,-0.0,1.0,310.7152346270749,1.9264838514015e-311
MT-ND1,AK5,0.44084843894561715,1000.0,0.0,-0.0,1.0
MT-RNR2,SYT5,0.440847422874325,1000.0,0.0,-0.0,1.0
MT-CYTB,ASIC2,0.4408362290645263,1000.0,0.0,-0.0,1.0
SNHG11,ATP1A2,0.44083392772953234,0.6146028133377054,0.24288303812507933,-0.0,1.0
MT-RNR2,SVOP,0.44080507260049007,1000.0,0.0,-0.0,1.0
MT-CYTB,DPP10,0.44076507530860853,1000.0,0.0,-0.0,1.0
MT-ND1,FAM212B,0.44076457792944845,1000.0,0.0,-0.0,1.0
MT-CYTB,CLIC4,0.4407518220418201,1000.0,0.0,-0.0,1.0
MT-RNR2,PRKCD,0.44074873518387014,1000.0,0.0,-0.0,1.0
MT-RNR2,MYO6,0.4407344885770778,1000.0,0.0,-0.0,1.0
MT-RNR2,LY6H,0.4407340300428132,1000.0,0.0,-0.0,1.0
MT-RNR1,PPP1R16B,0.4407106681523149,1000.0,0.0,-0.0,1.0
HPCA,CD81,0.44069371469965446,61.823954285486586,1.499842702971888e-62,-0.0,1.0
MT-RNR1,TMEM176B,0.4406382051905183,1000.0,0.0,-0.0,1.0
MT-ND1,BCL11B,0.44063682493607176,1000.0,0.0,-0.0,1.0
MT-CYTB,BCL11B,0.44063592779931776,1000.0,0.0,-0.0,1.0
NRGN,NDRG2,0.4406352695190721,-0.0,1.0,1000.0,0.0
MT-RNR2,FYN,0.4406216000380243,1000.0,0.0,-0.0,1.0
MT-ND1,ASIC2,0.44061086649384246,1000.0,0.0,-0.0,1.0
HPCA,ALDOC,0.4406034254223214,-0.0,1.0,1000.0,0.0
MT-RNR2,LRRC4C,0.4405933107545743,1000.0,0.0,-0.0,1.0
MT-CYTB,H13,0.4405656203048479,1000.0,0.0,-0.0,1.0
MOBP,TSPAN7,0.44053664607408266,-0.0,1.0,1000.0,0.0
MT-CYTB,2900052N01RIK,0.44049612377736364,1000.0,0.0,-0.0,1.0
MT-RNR2,UFC1,0.44049369448119063,1000.0,0.0,-0.0,1.0
MT-RNR1,FAM163B,0.44048597741833634,1000.0,0.0,-0.0,1.0
MT-CYTB,GPD1,0.44048319539640984,1000.0,0.0,-0.0,1.0
MT-ND1,IFI27,0.4404828416440805,1000.0,0.0,-0.0,1.0
NECAB1,MT-CYTB,0.4404815920492463,-0.0,1.0,1000.0,0.0
GLUL,HSPA8,0.44046137778416594,45.00552745884499,9.873532070564434e-46,-0.0,1.0
MT-CYTB,SLC6A11,0.44045269594012776,1000.0,0.0,-0.0,1.0
MT-RNR2,FUT9,0.4404511949731307,1000.0,0.0,-0.0,1.0
GAD2,MT-RNR1,0.4404401813178913,-0.0,1.0,1000.0,0.0
MT-RNR2,GTF2H5,0.4404372278052672,1000.0,0.0,-0.0,1.0
MT-CYTB,IFI27,0.44042492145754325,1000.0,0.0,-0.0,1.0
MT-RNR2,PRICKLE2,0.44040948965481636,1000.0,0.0,-0.0,1.0
MT-RNR2,TMEM191C,0.4404088265143254,1000.0,0.0,-0.0,1.0
MT-ND1,NEK7,0.440398328135254,1000.0,0.0,-0.0,1.0
MT-CYTB,FGF1,0.440396914415839,1000.0,0.0,-0.0,1.0
MOBP,CAMK2B,0.44038900151725396,27.464174672056416,3.4341979761371697e-28,-0.0,1.0
MT-ND4,CRHBP,0.4403664280353405,1000.0,0.0,-0.0,1.0
MAP1B,CLU,0.44034480685008975,-0.0,1.0,5.03360862768721e-05,0.9998841035946066
MT-ND1,FGF1,0.4403415122101377,1000.0,0.0,-0.0,1.0
MT-ND1,COTL1,0.4402973543712304,1000.0,0.0,-0.0,1.0
MT-RNR2,AMPH,0.440296273278815,1000.0,0.0,-0.0,1.0
MT-ND1,2900052N01RIK,0.4402139807916588,1000.0,0.0,-0.0,1.0
MT-RNR1,RORB,0.44021257347990694,1000.0,0.0,-0.0,1.0
MT-RNR2,PEX5L,0.44021152579673417,1000.0,0.0,-0.0,1.0
GFAP,MT-RNR1,0.44020475733399,-0.0,1.0,1000.0,0.0
MT-ND1,H13,0.4401699679867883,1000.0,0.0,-0.0,1.0
MT-RNR2,PPIB,0.4401685203091365,1000.0,0.0,-0.0,1.0
MT-RNR2,NRG3,0.4401553523308037,1000.0,0.0,-0.0,1.0
MT-RNR2,EFR3B,0.44015437565293414,1000.0,0.0,-0.0,1.0
MT-CYTB,NEK7,0.44011364985643486,1000.0,0.0,-0.0,1.0
NPY,MT-CYTB,0.44008764606302286,-0.0,1.0,1000.0,0.0
MT-CYTB,FRMD4A,0.44003484925095115,1000.0,0.0,-0.0,1.0
MT-RNR2,DESI1,0.44002790831345046,1000.0,0.0,-0.0,1.0
MT-RNR2,PGRMC1,0.4399845595769204,1000.0,0.0,-0.0,1.0
GLUL,YWHAB,0.43995672222359933,111.6417485953013,2.2816625001899585e-112,-0.0,1.0
MT-RNR2,ARHGDIG,0.4399419870964071,1000.0,0.0,-0.0,1.0
MEG3,MOBP,0.4399416787688919,1000.0,0.0,-0.0,1.0
MT-RNR1,MARK1,0.4399160962173773,1000.0,0.0,-0.0,1.0
MT-ND1,CXCL14,0.4398869926545497,1000.0,0.0,-0.0,1.0
MT-ND1,GPD1,0.4398609572584253,1000.0,0.0,-0.0,1.0
MT-CYTB,FOXP1,0.4398169862644096,1000.0,0.0,-0.0,1.0
MT-RNR1,ID3,0.4398169862644096,1000.0,0.0,-0.0,1.0
MT-CYTB,CACNA2D3,0.4398163527499965,1000.0,0.0,-0.0,1.0
NPY,MT-ND1,0.4397489801618928,-0.0,1.0,1000.0,0.0
MT-RNR2,TIMP3,0.43972984905099166,1000.0,0.0,-0.0,1.0
MT-RNR1,HAP1,0.43971988835867326,1000.0,0.0,-0.0,1.0
MT-ND1,SLC6A11,0.43971709646686413,1000.0,0.0,-0.0,1.0
MT-CYTB,CNRIP1,0.4396894947185514,1000.0,0.0,-0.0,1.0
MT-RNR1,NWD2,0.439665442215837,1000.0,0.0,-0.0,1.0
MT-RNR1,GJC3,0.43965068855774686,1000.0,0.0,-0.0,1.0
MT-CYTB,OPALIN,0.4396366936108429,1000.0,0.0,-0.0,1.0
MT-RNR2,SFXN5,0.4396168376694517,1000.0,0.0,-0.0,1.0
MT-RNR2,DCAF7,0.43958877190023543,1000.0,0.0,-0.0,1.0
MT-RNR1,ID4,0.43952078478455403,1000.0,0.0,-0.0,1.0
MT-CYTB,TIAM1,0.4395194878894981,1000.0,0.0,-0.0,1.0
MT-RNR1,DPY19L1,0.4394914703882988,1000.0,0.0,-0.0,1.0
MT-ND4,DLX1AS,0.4394610685468168,1000.0,0.0,-0.0,1.0
MOBP,YWHAZ,0.4394404835680773,-0.0,1.0,312.0189651927553,9.5727079026e-313
MT-RNR1,CTSS,0.43943725820764123,1000.0,0.0,-0.0,1.0
MT-ND1,FOXP1,0.43942144588733834,1000.0,0.0,-0.0,1.0
MT-ND1,CACNA2D3,0.4393640765994929,1000.0,0.0,-0.0,1.0
MT-RNR2,DNER,0.43936219459168235,1000.0,0.0,-0.0,1.0
MT-ND1,CNRIP1,0.4393506177042848,1000.0,0.0,-0.0,1.0
MT-ND1,CSRP1,0.4393492656418098,1000.0,0.0,-0.0,1.0
MT-RNR2,TCF7L2,0.4393344376488804,1000.0,0.0,-0.0,1.0
MT-RNR2,ERMN,0.43932192565443773,1000.0,0.0,-0.0,1.0
MT-RNR2,SEC14L1,0.43932017972616283,1000.0,0.0,-0.0,1.0
GLUL,YWHAE,0.43927160781783153,4.966286452749457e-15,0.9999999999999886,-0.0,1.0
MT-RNR2,NRBP2,0.43926339654051866,1000.0,0.0,-0.0,1.0
MOBP,ZWINT,0.4392314531856145,-0.0,1.0,1000.0,0.0
MT-ND1,DPP10,0.439179447322453,1000.0,0.0,-0.0,1.0
MT-CYTB,CPNE9,0.43916508593214315,1000.0,0.0,-0.0,1.0
MT-ND4,SYT2,0.43915023932610836,1000.0,0.0,-0.0,1.0
MBP,TSPAN7,0.43912695719070155,1000.0,0.0,-0.0,1.0
MT-RNR2,2010300C02RIK,0.4391226520448014,1000.0,0.0,-0.0,1.0
MT-RNR2,ANKRD46,0.4390793406855872,1000.0,0.0,-0.0,1.0
CAMK2A,ATP1A2,0.4390775914840091,38.54685866218015,2.8388427578015093e-39,-0.0,1.0
MT-ND1,TIAM1,0.43906722687875904,1000.0,0.0,-0.0,1.0
MT-RNR2,GDA,0.43905262898746084,1000.0,0.0,-0.0,1.0
MT-RNR2,MT2,0.4390516042445348,1000.0,0.0,-0.0,1.0
MOBP,GABARAPL1,0.4390356175770197,-0.0,1.0,1000.0,0.0
NECAB1,MT-ND1,0.43900942640344487,-0.0,1.0,1000.0,0.0
MT-RNR2,CLIP1,0.4389943266176086,1000.0,0.0,-0.0,1.0
MT-CYTB,HOMER2,0.43896759287444287,1000.0,0.0,-0.0,1.0
MT-RNR1,HOMER1,0.43894021969981617,1000.0,0.0,-0.0,1.0
MT-RNR2,EPDR1,0.4389380695493107,1000.0,0.0,-0.0,1.0
MT-RNR1,B2M,0.4389156306337534,1000.0,0.0,-0.0,1.0
MOBP,NSG2,0.4388991688892396,6.564199306886737,2.727725684743026e-07,1.7113999621821e-09,0.999999996059356
MT-CYTB,KCNC2,0.43889721417858846,1000.0,0.0,-0.0,1.0
MT-RNR2,MAST3,0.4388675510804166,1000.0,0.0,-0.0,1.0
MT-RNR2,SRGAP3,0.43885315502234384,1000.0,0.0,-0.0,1.0
MOBP,NSF,0.4388439022938272,0.003554926938566161,0.9918478883859262,0.1320826641442722,0.7377637898992336
MT-RNR2,WNK1,0.4388110859128384,1000.0,0.0,-0.0,1.0
MT-RNR2,DNM3,0.4388106762742732,1000.0,0.0,-0.0,1.0
MT-RNR2,GPR37L1,0.43881030445383495,1000.0,0.0,-0.0,1.0
MOBP,TTC3,0.4388026112785317,-0.0,1.0,1000.0,0.0
MT-RNR2,SEPT6,0.43879621092349547,1000.0,0.0,-0.0,1.0
MT-RNR2,FLOT1,0.438782478379843,1000.0,0.0,-0.0,1.0
OLFM1,CLU,0.43876318085844124,-0.0,1.0,-0.0,1.0
GABBR1,GLUL,0.43869517388821644,-0.0,1.0,115.88847993696518,1.2927664211571635e-116
MT-CYTB,GRB14,0.4386481812663718,1000.0,0.0,-0.0,1.0
MT-RNR1,PRR18,0.4386322862052784,1000.0,0.0,-0.0,1.0
ITM2C,GLUL,0.4386230870943008,-0.0,1.0,103.93039705618922,1.1738238890745257e-104
MT-RNR1,IL33,0.4386182916092127,1000.0,0.0,-0.0,1.0
MT-CYTB,CSRP1,0.43860830133450535,1000.0,0.0,-0.0,1.0
MT-ND1,GRB14,0.4385935791426577,1000.0,0.0,-0.0,1.0
MT-RNR2,MAT2B,0.4385840692728283,1000.0,0.0,-0.0,1.0
PLP1,MDH1,0.43850863199989315,0.38852575369118336,0.40876551157082125,-0.0,1.0
MEG3,ATP1A2,0.43850439783373785,1000.0,0.0,-0.0,1.0
MT-ND1,1810041L15RIK,0.4385011653605557,1000.0,0.0,-0.0,1.0
MT-CYTB,1810041L15RIK,0.43850021967810926,1000.0,0.0,-0.0,1.0
MT-ND1,LMO3,0.4384888148382864,1000.0,0.0,-0.0,1.0
MT-CYTB,CSMD1,0.4384808077752097,1000.0,0.0,-0.0,1.0
MT-RNR2,ENO1,0.4384571998826198,1000.0,0.0,-0.0,1.0
MT-ND1,FRMD4A,0.43844811369340353,1000.0,0.0,-0.0,1.0
PVALB,MT-RNR1,0.4384447703731266,-0.0,1.0,1000.0,0.0
MT-RNR2,CACNB3,0.43838706262849514,1000.0,0.0,-0.0,1.0
MT-CYTB,LMO3,0.438374141887738,1000.0,0.0,-0.0,1.0
MT-RNR2,PFN1,0.4383726615465487,1000.0,0.0,-0.0,1.0
MT-RNR2,AI593442,0.4383578863233107,1000.0,0.0,-0.0,1.0
MT-RNR2,DGKZ,0.4383578863233107,1000.0,0.0,-0.0,1.0
MT-ND1,CPNE9,0.43825956580246184,1000.0,0.0,-0.0,1.0
MT-RNR2,PDP1,0.4382587136509416,1000.0,0.0,-0.0,1.0
MT-RNR2,CYP46A1,0.43823054870652556,1000.0,0.0,-0.0,1.0
MT-ND1,KCNC2,0.43821827334988395,1000.0,0.0,-0.0,1.0
PLP1,RPL4,0.43819535476199534,-0.0,1.0,-0.0,1.0
TSHZ2,MT-CYTB,0.4381913089964511,-0.0,1.0,1000.0,0.0
MT-RNR2,YBX1,0.43818903779207397,1000.0,0.0,-0.0,1.0
MT-ND4,IGHM,0.43818890583517617,1000.0,0.0,-0.0,1.0
MT-CYTB,GOLGA7B,0.4381476411952643,1000.0,0.0,-0.0,1.0
MT-ND4,GM28928,0.438134080445585,1000.0,0.0,-0.0,1.0
MT-CYTB,PRKCA,0.43810610815557993,1000.0,0.0,-0.0,1.0
CABP7,MT-ND1,0.43810558927729853,-0.0,1.0,1000.0,0.0
MT-RNR1,RGS17,0.4380780395158619,1000.0,0.0,-0.0,1.0
MT-RNR2,RBBP7,0.43804678069399766,1000.0,0.0,-0.0,1.0
MT-RNR1,SOX2OT,0.4380254913445291,1000.0,0.0,-0.0,1.0
MT-RNR1,SOWAHA,0.4380203398178011,1000.0,0.0,-0.0,1.0
MT-ND1,HOMER2,0.438005369408805,1000.0,0.0,-0.0,1.0
CALB2,MT-RNR2,0.4380051575872863,-0.0,1.0,1000.0,0.0
MT-RNR2,GRIN1,0.43800462145798136,1000.0,0.0,-0.0,1.0
CABP7,MT-CYTB,0.43799122478455216,-0.0,1.0,1000.0,0.0
ATP1B1,CLU,0.43797447323021593,-0.0,1.0,-0.0,1.0
MT-RNR1,SATB1,0.4379487909118117,1000.0,0.0,-0.0,1.0
MT-RNR2,DYNC1I1,0.4379475593863907,1000.0,0.0,-0.0,1.0
MT-ND1,PRKCA,0.43793742416033926,1000.0,0.0,-0.0,1.0
CCK,MOBP,0.4379209979563678,-0.0,1.0,33.0050299582226,9.884849052751461e-34
MT-ND1,POU3F3,0.43788084602425975,1000.0,0.0,-0.0,1.0
MT-CYTB,POU3F3,0.4378794780323585,1000.0,0.0,-0.0,1.0
PTGDS,ATP6V1G2,0.43787937732027565,52.70292738013773,1.9818583914042987e-53,-0.0,1.0
MT-RNR2,PBX1,0.43787753957951436,1000.0,0.0,-0.0,1.0
MT-RNR1,AGT,0.4378654372865049,1000.0,0.0,-0.0,1.0
MT-ND1,PDE4B,0.43782121527517626,1000.0,0.0,-0.0,1.0
MT-ND4,TRBC2,0.4378085529911897,1000.0,0.0,-0.0,1.0
CCDC153,MT-ND4,0.43776820511251147,-0.0,1.0,1000.0,0.0
MT-RNR1,FABP7,0.4377406020351349,1000.0,0.0,-0.0,1.0
MT-ND4,ADGRF5,0.43762369314857286,1000.0,0.0,-0.0,1.0
MT-RNR2,B4GAT1,0.43760891248037687,1000.0,0.0,-0.0,1.0
MT-ND1,GOLGA7B,0.43758204477040835,1000.0,0.0,-0.0,1.0
MT-RNR2,LGI3,0.43758044432519533,1000.0,0.0,-0.0,1.0
MOBP,MAP1B,0.43757546154607047,-0.0,1.0,1000.0,0.0
MT-RNR2,WBSCR17,0.43756599157922804,1000.0,0.0,-0.0,1.0
MT-RNR2,NPTXR,0.43755204497824685,1000.0,0.0,-0.0,1.0
MT-RNR1,VSTM2L,0.4375265148030085,1000.0,0.0,-0.0,1.0
MT-CYTB,TACC1,0.4375249260767137,1000.0,0.0,-0.0,1.0
TSHZ2,MT-ND1,0.4375123702458796,-0.0,1.0,1000.0,0.0
MOBP,NEFL,0.4374939232092992,-0.0,1.0,13.004412211265144,9.898919414252977e-14
MT-RNR2,KCTD13,0.43748121902457937,1000.0,0.0,-0.0,1.0
MYL4,MT-ND4,0.43745602393780814,-0.0,1.0,1000.0,0.0
MT-RNR1,FAM3C,0.43744236547449555,1000.0,0.0,-0.0,1.0
MT-RNR1,SYNPR,0.43737435758844306,1000.0,0.0,-0.0,1.0
MT-RNR2,HNRNPM,0.4373682746776789,1000.0,0.0,-0.0,1.0
MT-CYTB,RGS2,0.4373585596539353,1000.0,0.0,-0.0,1.0
HPCA,SPARC,0.43731908259150093,1000.0,0.0,-0.0,1.0
MT-RNR1,GPRIN1,0.4372859441059036,1000.0,0.0,-0.0,1.0
MT-RNR2,SLC24A3,0.4372690006486299,1000.0,0.0,-0.0,1.0
MT-RNR1,KCNAB1,0.437258239683254,1000.0,0.0,-0.0,1.0
MT-RNR2,CNTNAP2,0.43725511753250706,1000.0,0.0,-0.0,1.0
MT-RNR2,MOG,0.43724385569543867,1000.0,0.0,-0.0,1.0
MT-CYTB,SMS,0.43724220673827285,1000.0,0.0,-0.0,1.0
MT-RNR1,KBTBD11,0.4372156854006616,1000.0,0.0,-0.0,1.0
MT-ND1,LIMCH1,0.4371903201247951,1000.0,0.0,-0.0,1.0
MT-ND4,TAC1,0.4371842841633925,1000.0,0.0,-0.0,1.0
ATP1A2,YWHAZ,0.437181816403487,-0.0,1.0,4.480066520364491,3.310804064102667e-05
