0,-175.15818325774526,21.018439496835825,19.83130192151259
1,-178.9431307513246,21.611389121551156,-1.0566989326725178
2,-179.406560582746,23.445055201205065,5.2851231820812075
3,-178.27865788999745,20.991733271769334,-17.98510202512361
4,-188.61370687913876,17.618733077637003,-11.685323393000616
5,-170.87361917997916,19.360645615539482,28.744494251703244
6,-169.70484107573662,24.015044615187165,27.346460746337883
7,-174.09394239079757,30.271039344661403,10.085131483505236
8,-175.97136192293334,31.95482516863018,-10.041339628936782
9,-178.57685191399537,12.853620306911338,-29.627690373139387
10,-169.91658685962682,18.572784198429574,31.879507875883093
11,-173.14030540674747,35.82984683871507,3.3088412794666198
12,-168.9818855172416,35.84337058537578,-16.129688096784598
13,-176.49481592836494,24.453479085127043,-14.505879313878069
14,-164.25207986700755,13.755362147046199,42.365880960910786
15,-166.4519804417984,16.672991442028575,37.854013663452136
16,-152.5657877510776,26.493914044916806,33.54050047442625
17,-163.37845954449784,36.8205089004383,19.893905866907104
18,-163.05780900559301,36.86897692911022,22.541887303192127
19,-155.89341585079404,46.54293196118681,7.426919625259387
20,-170.52725108519613,37.66298117480898,-7.90425992137051
21,-162.14721367511447,39.53796452272324,-18.493924751919756
22,-166.44969742117215,16.446643287824685,-39.64696370120526
23,-150.67175063146777,32.786860983576645,31.531508941562635
24,-151.94500466426712,43.363494359371415,18.793715374479277
25,-145.86226113855702,49.974106488079116,6.3193226884822735
26,-163.50900920350622,43.5653902462856,-6.824638554214488
27,-143.86739742003596,12.062631920209697,48.96145392282675
28,-147.7520533579231,41.31224992601835,25.978425506214123
29,-147.06335186721319,43.141558883068555,22.521591046922666
30,-144.6149786549792,46.85876382642327,18.224432673021298
31,-133.0611659635742,53.37607480152576,9.435937145647031
32,-157.444830547569,20.43668029629397,-45.87093672572518
33,-148.71370135041116,14.672365821000625,46.96284007456015
34,-146.3349865424516,18.72101366813736,44.5026011743946
35,-146.74837676577312,40.90821212158757,25.99394872056959
36,-142.70556763943858,44.5235524590795,23.864453038766854
37,-135.7277632496852,48.33478871137558,21.173652825384124
38,-128.67724669660998,54.42442707127522,6.632844840919489
39,-135.68884679834497,53.41409843430243,-0.43739890995981057
40,-146.87867827036558,46.44331337662976,-19.992577619085324
41,-148.31365891520124,25.695687596622108,-37.75639298410417
42,-144.2734247558646,17.7898989486649,-54.68576194619847
43,-143.5686486979319,43.451597124442145,25.091679211173997
44,-137.51184168787876,45.840086021911134,24.385338307968127
45,-137.77931127572478,47.98899666794418,18.37698810160063
46,-128.08178703807593,54.793560276050016,0.13016861491202292
47,-134.98332335770084,53.971286320488915,-7.9852153899860525
48,-122.29457498545437,43.017448348866566,-36.930483482824336
49,-147.63274071475934,18.388094580740983,-53.52337248062564
50,-129.34867080104596,11.714284333101801,51.78746722375105
51,-139.44564190330658,14.244407492840168,49.228467069753634
52,-138.83841680599525,19.058583527566128,46.44344475673674
53,-131.51203428742548,45.98056949587898,27.128217519512162
54,-127.53274101370599,47.30676968044345,27.088915720666876
55,-126.67265532498573,54.320491046469684,-16.444076500022895
56,-117.59072336765954,47.8796241604728,-31.341571914342886
57,-110.97607690852247,44.62626626734411,-36.675311984348305
58,-133.04423891294624,23.70018893588923,-49.49101831410837
59,-125.97858785996496,12.288686424984931,52.16418237212751
60,-131.55072885952328,18.62020461292356,48.00298206145666
61,-129.26379615188142,43.747278289695316,31.635554325281134
62,-128.95463078323706,45.14333529239802,29.79703228756331
63,-125.6613414157535,50.55138951895158,22.141055732513408
64,-124.98028308105323,55.12563809751563,3.146575179407108
65,-117.43752158967524,55.19508221915953,-19.699308410377512
66,-121.49903863950478,51.943986220278674,-24.439718656686793
67,-117.32206847754462,39.505004358473286,-39.74141535730172
68,-138.32800112552133,18.601307875365364,-56.10529579644681
69,-120.47505425774317,13.698886219089857,52.609339996297834
70,-122.40806037904012,13.148579253299403,52.47298345769882
71,-127.24418705889975,15.657488225934443,51.053562220054616
72,-128.50555887437315,41.53448698822092,34.858856231107694
73,-128.37098327489977,44.62577420613931,30.82032569637869
74,-119.1878218326695,55.63926269413601,-12.615620447065368
75,-120.76603136743404,48.35075689111815,-31.59183610203076
76,-138.56708184818865,18.991187015451843,-56.214640469440944
77,-124.91095749564246,20.699417170239258,48.99836486946104
78,-130.69000672771284,37.007412793548454,38.943601246074664
79,-124.13817544989885,42.74056868351906,35.06615004780768
80,-127.09439521453628,45.524762090821554,30.12713448033331
81,-124.4019548356073,50.502731014974586,22.83355394791792
82,-118.62408506687838,55.53373143865042,-11.736176646278395
83,-113.66510735383063,54.235102554496336,-22.19888809067441
84,-115.74257437874483,53.447312565625836,-24.361613153206832
85,-109.12600107355492,53.64009738378034,-27.45602993359376
86,-114.29478312712143,46.95545385316473,-35.561131541482936
87,-114.04126273691257,12.528820229394015,53.74930872551154
88,-126.14316970751597,28.398333763937046,47.12032447019766
89,-123.56889170304649,36.84921511620813,41.63582211077116
90,-123.926724531844,41.958183431430214,36.07289806632231
91,-110.23489513804567,57.12271611598645,-7.600513409223566
92,-115.75287424673647,55.53242985739904,-18.357953694927225
93,-109.0893442871312,45.16523995248227,-41.81977625431634
94,-107.8624922106411,41.17622674877779,-44.51224400049115
95,-112.30321840259997,11.835220278885771,54.122324982967356
96,-111.14025003115317,46.62706649073505,34.52051599321936
97,-115.24614876840013,49.086070933439004,29.244372938978188
98,-112.08695036941299,53.854088452567154,18.538309988286954
99,-111.09061330904613,55.978054770105715,7.30089745871733
100,-113.57250196474492,16.410127584546558,52.404012568916315
101,-116.2419720031529,49.639838200605084,27.915267009855256
102,-113.90082485429659,50.53506419801198,27.20631002923011
103,-103.0385688891162,57.76762581663351,12.067589754331578
104,-81.03575032159395,59.95202836117987,-27.739164007928856
105,-79.35893881927012,54.272062700152986,-36.08628742713357
106,-81.91105225520432,47.08551674065046,-44.91038369680548
107,-91.36410060123788,23.81221222468966,-61.65442696251536
108,-95.79811202664892,19.843183055076537,-65.75720515353395
109,-103.05655278560953,26.57568350609361,51.479939526857365
110,-105.04878314785833,48.935793854201606,33.25695926221465
111,-104.71089609517158,52.36206364198809,25.729586301094045
112,-96.79717586612693,59.832330504878925,5.865563193857184
113,-83.37419404704882,61.97146341858452,-12.376128088089004
114,-86.63110105769802,61.77057546349303,-11.07243362621594
115,-80.70683186144413,61.38548995191776,-24.105939229266177
116,-77.58263199348974,57.98338671846335,-33.931116071586615
117,-76.239503516101,53.84772340278904,-38.52727390324498
118,-98.47287797223852,21.230676605521666,-64.02537056447792
119,-103.98766318762351,8.609314639101797,55.724369214496605
120,-103.8547808771057,12.944580201558281,54.83466034171674
121,-97.48376366510615,34.004672783079315,49.82233396894644
122,-78.31357228524925,61.51388618048405,-21.09852001683236
123,-78.78630352807127,62.10681993225728,-17.86678949071122
124,-75.56682404226692,26.770103237283394,-58.801995177784924
125,-93.35714841332728,28.459404908628457,51.32965367537689
126,-79.23495503416004,57.856292071148445,21.697673922485336
127,-80.25387122690988,60.33994719291823,14.91544123795127
128,-78.39183726855975,63.25045747337322,-10.115694266448031
129,-82.91018616181154,60.37943907283824,-25.98318700904656
130,-83.80469816667615,22.04905375379967,-64.6482362920506
131,-82.18382358915945,18.009175707167685,-68.92494681579232
132,-83.0868837837858,61.83138470463996,2.7894979366912764
133,-74.11948238805584,63.10136292832152,-1.3920246177730604
134,-92.43879022882675,14.773389160932652,55.600867837785714
135,-81.88852567316822,19.542081280099623,52.56624401894378
136,-82.1879692276368,19.748881906119635,52.45610889209364
137,-72.93722803929819,52.50090426644962,36.881118726243955
138,-73.4831093649995,57.98084704772894,25.332150433555583
139,-82.38209020907081,63.81672468243521,-8.95241905943108
140,-74.75028507434118,25.793782378738513,-62.65078863392497
141,-72.37340952852301,22.907803730283675,-65.20297897381235
142,-69.69767432097956,21.282430333206236,-67.71689727049423
143,-78.79005211948319,15.334021475552674,55.9594263693714
144,-85.05995078619985,17.186973179845978,53.87370234054755
145,-83.85364005641867,19.031305876584398,52.65544186393164
146,-71.65777890449257,50.48499300218897,39.39645983986662
147,-72.74123860108566,53.93409601717197,34.20965323074148
148,-73.18117842744454,61.221776427201135,15.195118971590034
149,-76.88191399012291,63.89439098808174,-15.907780629070295
150,-70.4220399804496,62.88226870865279,-22.758031326505673
151,-68.49687553869501,47.60809367660963,-47.90803376583005
152,-66.34235802737632,32.76690075889843,-55.93578567406321
153,-83.85692153363595,18.508467037080763,53.62392758456228
154,-77.69972584422902,36.88587367596506,50.653700850273125
155,-69.49962958031062,51.36071909023826,39.303268578685746
156,-64.37056391114265,65.69553340939318,-8.203792123370178
157,-69.98950391407561,64.99822712690691,-13.47401435338594
158,-55.74876863016573,64.36347610919748,-20.296822225442895
159,-58.093133028037556,47.642879229199934,-50.424994768450745
160,-52.26433029531148,24.990682937222175,-66.29383128260446
161,-45.255597106946055,22.884867328963566,-67.55683036465598
162,-75.84235134997036,18.547760505224645,54.79346145361707
163,-74.40102379101515,41.550153582063786,48.539858320446
164,-66.09547649765867,50.53308008025073,40.7519950809307
165,-64.60394584063545,50.8642690169593,41.152021038364396
166,-52.32664332887535,64.8380215223922,-6.019662003542905
167,-54.10444492007852,27.219370990199735,-63.55301266515351
168,-47.628630638513386,21.423405868378865,-68.997643665833
169,-78.21415870677677,33.680991747979334,51.993011213832844
170,-73.07549384090913,40.426984199772946,49.03713825531767
171,-56.039313659226565,66.3038559785227,-10.877453564653408
172,-55.606497324335834,64.75490286113774,-19.399078876482974
173,-45.504008435651144,56.084816178603276,-42.768680375588424
174,-42.936328419180825,50.57593702389383,-49.8321348858142
175,-30.850332525832073,49.23109406884461,-52.176640513327605
176,-50.64450672473271,31.820960711513862,-60.24633845097638
177,-47.854573774456696,22.267965434634377,-68.88486647403955
178,-44.755960086513255,21.145510334737594,-69.62537609868754
179,-63.97343510072176,37.41629978178774,51.46522192574689
180,-51.26130766303396,60.49539885127699,20.119148400205603
181,-48.51026196946103,63.0986962740504,11.490753345888123
182,-45.5970692610766,64.74728384893452,-3.2867490074653745
183,-46.669645196934766,65.35151119900482,-10.879948366960534
184,-38.737835970703,55.399525713279175,-44.73305782656909
185,-45.84148676341758,46.5584080797246,-54.27669233040143
186,-54.61220972749791,21.3570887163267,-70.03708561380088
187,-55.79105414263475,17.57521740689718,56.43693846096228
188,-22.438072994712,63.76049478508125,12.748774734273894
189,-44.67093362523545,65.06160778467243,-2.470844702938095
190,-38.42194999658341,65.44325680428521,-16.41519136706067
191,-42.259339816901274,40.986759375520094,-57.92882086717081
192,-51.40086970653502,24.906881739457845,-67.73533000472784
193,-52.51772806804425,20.66480622001194,56.01206843055341
194,-54.15127311809033,33.30079510256779,54.34255192412756
195,-24.957710316264468,64.01046187711512,13.33916796775435
196,-35.81968017400064,63.76682015250414,10.404162991037353
197,-31.30086416655422,65.93420690312998,-21.039701587438593
198,-45.14003305519421,28.954291497111555,-63.78036993322016
199,-47.532895584323654,24.281067188145087,-69.08253191308546
200,-52.20639645732231,15.63957561078584,58.229583856254564
201,-47.392329245304154,17.150203509494418,57.50954752788353
202,-16.059803834840807,53.50085199929552,42.819129367563235
203,-32.601975722135876,60.584596849351925,28.358969332679735
204,-17.986311229904942,63.047775875825565,19.659195212352742
205,-33.643079839130735,66.00121452816306,-17.285743103374493
206,-36.21550106467657,28.653705592752573,-65.9228604598527
207,-54.08789739973369,14.397089322804206,58.596363107942565
208,-33.24490002177191,55.06177331501638,41.008336017988185
209,-25.699989805098625,66.25449906509374,-8.392989960835465
210,-25.9088365615184,66.35934778406947,-20.998481043068892
211,-21.53496608866618,56.4160130517829,-49.69584331602526
212,-37.35357808847692,46.7525659073699,49.93018219368169
213,-24.369578511658716,62.5292862224546,21.74338597725867
214,-19.302136882617503,57.149692181068474,-49.14049425870276
215,-29.23376707676084,48.68385058087753,-56.70702392165948
216,-29.158269745053502,18.489427443043766,-73.5753714702915
217,-45.251533213452774,16.231223654249774,58.85046911793326
218,-39.08138678299966,17.971485406174892,58.94841609601211
219,-37.63187304778356,41.18303624093443,53.74140851820563
220,-26.2571169050357,60.3155425444548,31.28195074827765
221,-27.994221172031615,61.703464664336366,25.377723888200748
222,-22.40410211490743,62.56989714479195,21.236144158174497
223,-12.288522350918186,67.672159141981,-15.371961196058287
224,-18.37016231934345,57.774030548766845,-48.707286564333444
225,-25.71983048051561,51.75360615285079,-53.81980783601142
226,-27.705030774135196,32.828154442423866,-61.734273630105506
227,-31.326438668710296,12.391051028523563,60.126231322725275
228,-41.93158914223804,15.601004361507051,59.13523174377438
229,-35.43257096305459,30.64310110725181,56.852262407543165
230,-29.31056065035827,58.21272692225121,35.42254295239066
231,-19.677836829359677,64.36614276346862,9.357177622812259
232,-22.90421792738971,35.81025169170492,-62.08706401416946
233,-30.035720403959203,29.44998760564124,57.3195354146652
234,-23.483392817313415,49.4733627839648,49.218340597888925
235,-24.012796689799103,57.72500696712177,37.73698318022535
236,-21.547905151857464,62.83693558604364,21.714843013362866
237,-12.022862830576344,67.38206525234351,-11.529389586297043
238,-14.653941921113017,67.12301883743417,-21.027855607733734
239,-6.576825146786234,62.40921535201453,-40.86218796876336
240,-19.6477546752254,50.60068294061219,-56.18357455008698
241,-31.54522327962087,14.494152363684762,59.845297525424954
242,-25.268493067807697,56.684995928440614,39.36488499816703
243,-26.074907335564802,57.11501773907278,38.75812828705405
244,-12.581893420856545,66.45814097563785,-9.31175721673776
245,-8.874046044564892,67.09013803789465,-17.21004577712155
246,-6.325657844332852,64.24618300362317,-35.45958096007157
247,-4.597055055679249,57.72018159272639,-50.09089482823373
248,-3.9369993429550902,55.67345301139795,-52.157838539690026
249,-26.648009740958287,19.298090350762664,-73.63219319158877
250,-29.918836754607497,41.33019428705113,54.25435026756095
251,-25.69022711843084,54.40350653360056,43.25315566893957
252,-19.786300745353145,58.745137145835145,35.19846119516562
253,-14.083712268016512,61.361807522319424,28.7989900895996
254,-27.800123546307333,18.354388388212797,-73.84273274175906
255,-36.18743917943408,14.244748761095096,59.638402184093465
256,-18.864380815118523,33.55300821590738,56.585855636177044
257,-8.552811612916742,50.688857133922326,48.320177117290484
258,-17.24224502927632,63.249735254508124,20.159307787343963
259,-14.039850245140627,66.60756885247342,-24.128253849902165
260,-12.623443228469029,65.08352038122771,-32.04227352483369
261,-25.437518339135153,47.26726986405241,-57.8234782728777
262,-29.03648139665819,40.54576936190372,-59.764839440073494
263,-26.958185244048508,18.15929405698418,-73.88892502432024
264,-29.79201525076502,14.956927990319727,59.87345067646025
265,-5.439425438568094,55.21555037798463,41.096563662078836
266,-13.395874938566664,64.2975081618713,12.026953929252613
267,-22.10609493658734,21.352160167807753,-72.57568123017872
268,-31.37761102873219,8.810226403606407,60.55679262089727
269,-21.49830930224246,19.59422389486538,59.04784436296079
270,-9.085999110378964,59.26409505099778,34.42899659608459
271,-6.833597819575232,65.74610460289203,-30.15119171975995
272,-4.565898538897301,63.7149473777539,-37.198064024025925
273,7.005664491903701,48.767191463321254,-57.36526624913502
274,3.1496835266394783,44.53275876549171,-59.83351580358362
275,-5.652663068417411,39.763503156880546,55.60992015865706
276,2.385134368576246,57.442198757903626,40.34455401663969
277,1.2196610972607402,62.19649411859493,20.620439076286303
278,-2.1247597577526847,64.33467465577512,11.740450139301288
279,-0.07538965164556544,65.92849264397756,3.870717536575299
280,-7.0220783971090555,41.885739323731286,-60.70508213614822
281,12.654242890486017,27.40203680777185,-69.30512588455963
282,-9.418561061246919,13.368816324798644,61.00591767373656
283,-2.16525855842724,20.05834078510695,59.670098300905224
284,2.7030756451522393,37.297578111425324,56.64837295649146
285,13.295193632649756,59.60371251995616,-43.72812893473674
286,8.887013622201835,21.504357873038046,-72.95000606775093
287,-12.524940522676076,14.51543797902751,59.71276981536674
288,11.357393751930374,60.193828824508415,33.42273367801856
289,17.536987566969884,66.31874479820316,-7.595424185767186
290,20.16396773044869,67.11133635205589,-16.904549438356412
291,4.858433962021252,67.33839878865383,-16.516850229822168
292,18.12422017675098,62.78131679696017,-35.88604922320844
293,16.085173294345225,59.3001504389553,-43.59436248603297
294,20.59347923241242,48.05214716804939,-56.353301235170846
295,21.017712343976825,26.657754553170136,-69.20545398457313
296,12.815957824667493,23.82651374551277,-71.58705571982956
297,12.412301093376612,20.82316262677317,-73.30597180240763
298,-15.784101359314377,15.589774254978352,59.77719288744352
299,9.09798574820718,53.65938300841974,45.501769498399725
300,7.2029268162966105,55.70783380396496,41.74704005112265
301,8.424920905162537,57.62457092604707,36.50110316231536
302,27.034563573606704,64.63230819290536,13.169070960453027
303,26.782789022700285,64.3124207909649,15.01205418979643
304,24.644597152483954,66.59082289856843,-17.59507260193444
305,21.54160426896587,66.41039516583102,-19.40043022773267
306,16.5905207858074,63.85416895282559,-31.366286049697884
307,15.12814973238406,61.836971980255655,-37.72193352723695
308,26.26863642866931,56.6252104920585,-46.11228069578887
309,15.196862230414354,20.330990311387467,-73.6732144982742
310,15.547454789195086,29.420162347454067,57.69696088869857
311,12.01850047159246,36.54529589401024,56.159053866481756
312,7.681064905921488,53.311543355458724,44.4535713790531
313,18.157642197376873,61.034578884662324,29.773262365581502
314,24.929420032660573,63.06196628605406,22.607566438930505
315,25.796710957833028,66.99320198055081,-14.253003380024921
316,12.61617308362355,65.16033748447244,-26.91836105512143
317,16.319407707243244,42.910440909766606,-59.50584127868367
318,12.020789331146148,18.407269094785747,58.88688630161094
319,21.867252929753278,62.71788058389734,25.15389334370802
320,29.424343149051566,62.81853090969025,25.5567692662773
321,27.459707557850635,65.35201119668065,12.151581432004917
322,31.72829049123291,66.83154400183486,-12.951916333063139
323,21.554987090642072,41.739224131769234,-58.89680849359084
324,20.09415751406101,24.189186662856926,-70.76525982704139
325,14.853906988715863,12.140853778829396,59.9718047924156
326,19.27315760557653,51.51049617179983,47.24238787057875
327,16.521878354906278,58.24498867704921,36.78634222609709
328,16.93973535771397,59.67746614537751,32.868402465387334
329,28.719327695094137,66.1495233625813,-19.172818498493207
330,22.976719209132455,61.97142373622928,-37.00275911841298
331,23.650344589210647,43.363668961734405,-57.73969449539662
332,36.05269357087366,27.580861373358175,-65.67352099489499
333,37.42645306157539,21.499088056264156,-72.32433910165024
334,39.745464836533586,11.789950648044993,58.9244902488861
335,24.409311732648035,61.93463819293564,28.042657852663027
336,32.34831451747712,62.55345277678667,26.30035029142188
337,40.691067456436,65.77407272685467,8.217174243566504
338,38.380300247013054,66.42885539748173,-12.429943919106492
339,33.03483224932714,63.125061230861945,-31.755518522150048
340,23.941403443885577,38.02403505205994,55.614112812534316
341,54.570034474458595,58.39331338440954,39.52610293475722
342,41.8274628691357,66.44566484315507,7.8242515427017025
343,41.0502082049785,66.87858346571868,-0.8070541143074195
344,36.28938033329345,67.01437648529891,-7.79105393543054
345,20.850158482362474,24.088322052345802,-71.27571597800434
346,40.25742199384979,14.626643811310288,58.814155884351706
347,40.69323953744103,43.248217117442536,52.7663219664707
348,47.76724025665138,57.04702599163012,42.01258057168768
349,56.475907099974876,66.23240392970442,5.268924292100891
350,35.860335945524355,66.73102859604971,-13.879965466299069
351,48.53129894481023,65.01829052570872,-20.46776815852929
352,49.35398046439539,11.210842228832178,59.5173956096897
353,61.6461372075448,38.19482790894871,54.995367190334306
354,60.2450748921668,52.46122191122453,46.457478019714344
355,37.59307269480047,66.86873430515182,-11.007681378834732
356,50.57602126468075,64.44712651401197,-21.468313821308143
357,43.18664839696493,50.73811880969875,-49.81979947440672
358,41.11614137355073,45.17681926373696,-54.47686123426247
359,38.65246433251514,24.689565289303175,-70.11693769545853
360,35.027681537883836,21.091375665739534,-73.06973059096909
361,45.318067111359085,11.758268255633283,58.53523178890988
362,46.59756295758416,20.81395632036096,57.25903645871732
363,44.32038125875525,30.512165207951114,57.35278212041091
364,61.89289028085889,56.02302281504677,41.76060553866766
365,60.83707206673316,63.2599733021562,22.245759466840724
366,63.98376348315904,65.09769491851412,10.185581926399223
367,58.52504364898468,65.72500152638332,-5.1765357675914885
368,48.65520098493627,65.60939095267057,-14.24448813465024
369,44.317975620652874,51.4402901489356,-47.89604485474301
370,36.302272685065304,27.81563012334084,-65.44572302173329
371,37.74180185437115,26.403858907968996,-67.61429094591904
372,46.77665453980592,23.510642197921086,-70.2764973031714
373,50.90900361832391,22.442099545833102,-70.93497568399025
374,33.56666511562494,20.158038734374458,-73.25627770098305
375,36.506284809570644,15.442227321780436,58.48700760681341
376,43.5094476611651,20.83645621577358,57.04748068807599
377,57.7100228021915,38.22823251557719,55.75163012720678
378,67.65864427516456,64.66758580670046,13.595708142496093
379,55.868378378437086,65.50862951628302,-13.18361676608373
380,51.369765059908474,54.21985659361886,-44.19685074632359
381,40.498312784021294,46.098053076758376,-53.305605691740524
382,39.32522555133326,38.233915028845416,-58.62786793863154
383,32.79342763354154,25.984805300321028,-69.47996453218342
384,60.851365761088886,21.533079961749962,-70.28616249648452
385,54.36387362465794,20.870805262456415,-72.19197056517673
386,40.72535363832196,14.040805264651297,58.94662295685386
387,45.273551128610706,19.56140658709424,57.26286528725812
388,67.70818173550524,53.18796456481677,44.90435963343046
389,66.95042908897389,63.773304249347916,18.906405941192617
390,60.70976009298633,65.73200943031608,-16.02694208926774
391,55.84710132687158,54.349117897529055,-43.15843476414824
392,47.136075556865194,49.14580081452381,-50.299048398853785
393,37.28176443978825,44.8190828313828,-54.795535413339145
394,39.96150515155068,36.577327491147926,-58.73326467359973
395,52.57179001695394,22.464067697685707,-70.27742365012182
396,64.16528405919289,13.773100159831813,58.8352837413902
397,67.31424097946271,52.20551675062512,46.078605906843165
398,66.52748054144476,60.799540294664126,30.31878380756568
399,74.86138166641538,63.479075458295995,12.915978463899606
400,67.13956362638024,64.6429827464609,5.928045864139548
401,67.76624402989793,64.4917532906981,-19.898541763373387
402,50.05481524631088,47.492959291159565,-51.45760470463181
403,55.53523253482584,43.43100198208033,-53.676696706790935
404,45.64161375827064,26.13404270185154,-66.3367550926118
405,67.75954094120502,29.2558773968222,57.73929456534766
406,77.3080090393469,55.3031293359664,38.400167468521104
407,71.06724662052036,57.93225203552031,36.70487133825492
408,67.81613182588458,61.3161966232237,28.269312374767296
409,71.11650381234429,65.33951919125579,7.066697892135608
410,78.21073057618216,63.66772537503604,-18.876105942851076
411,74.49058641871684,62.39379478877406,-25.31915379496575
412,76.46682979765436,60.79931013700383,-29.346804219633114
413,72.70947999458659,55.13704280640732,-39.3191267542801
414,71.05127131506399,19.75319934636812,-70.5656458650998
415,81.02119319531224,17.687058156863557,-71.16074500605714
416,72.78113531204312,19.844960824590615,58.53586415199469
417,69.96873416900533,58.39769431642638,36.34399991703032
418,69.89621469028876,47.26061910131668,-48.65499316909886
419,69.10585747297213,12.338844921989434,59.2053980586624
420,69.67592363610052,14.945007410810106,59.45717385399816
421,75.8032707284705,20.30274441093826,58.6828929004631
422,79.58969839015404,51.63194005173068,43.59088086875914
423,90.01262761635596,60.611080853229154,-27.622367412418377
424,87.97402449243512,47.674450511017014,-45.59541049905062
425,76.67999736037447,19.54583523090392,-69.69789807434773
426,74.65783665610465,19.502137021330057,-70.2421683253311
427,67.92380164774718,12.870834512607985,59.29973277090072
428,61.0026874044398,12.363884488136463,59.466771912874194
429,79.82131696356211,57.36839751365601,34.550566233509045
430,70.00904612400203,63.647439755044985,-21.062483983507164
431,74.4116441198241,55.61669137048398,-38.19093470470715
432,62.981219642930995,25.548712089339432,-62.312134380121236
433,46.15431829829828,25.22300725412296,-67.88101931289506
434,56.631222569689925,21.636889003018794,-70.960087753307
435,75.44702608793469,53.29682120167021,43.50070416036604
436,71.21707349844846,56.28783904440587,39.49600071941947
437,73.98657020270937,64.3318175261989,-19.111743485762602
438,85.69422695411626,15.369862578791967,58.945626768432604
439,83.91396133553641,16.32417560312902,59.1153686129055
440,79.75131990149654,60.075543660053484,-30.163310568467146
441,72.72718362256316,20.73649636296159,-68.76887116052008
442,75.00831243633675,18.891830334439277,-70.84629271682228
443,84.59258483749713,15.962240777592058,59.05131802867315
444,74.35416571817464,55.26467713375328,40.28376053541945
445,85.69224171878906,62.78565011015074,9.702759717397683
446,79.51070937984181,41.75854943876385,-50.586277673851015
447,68.95759542759603,23.277651217452515,-65.3037347701137
448,86.405478382572,15.822463649547217,58.78280626786041
449,94.88124208845224,46.18253681103258,44.72182326462553
450,91.69176301179809,51.95820043992029,39.34814037018202
451,91.77733833225463,58.66364546114491,25.393801503068914
452,89.79602676430531,63.72258226289921,0.5277517450866611
453,81.25164398323372,63.61254309186005,-19.463060160651217
454,69.33876061041545,24.29571791369419,-63.055430625314955
455,94.88722115014352,33.01491547905522,54.02116421441649
456,101.8443031864376,39.40267943728989,49.05122349334334
457,95.33616460260393,54.11438089343058,34.047231205537784
458,86.85502908348545,27.73117019847976,-56.70137380080939
459,80.63379203799454,23.143421682668148,-61.607531392585045
460,87.56245017554525,18.47095133845096,-68.59976167913199
461,95.55185458197505,15.96085189515918,-70.1138083644396
462,93.32638242449187,11.096993551691412,58.15014865779493
463,93.86681019197087,22.51796427255242,56.53745820392034
464,97.9182317362689,40.7664032569552,49.15241024941824
465,104.1903842289747,56.9939548097521,21.099787619575494
466,100.29701077243018,61.50463225524555,4.367633646110519
467,102.03476899929862,62.57817488409191,-3.5469101105556575
468,105.28174983331186,61.77449608018928,-0.522620663770681
469,97.80836647769158,11.729609658689725,57.20480915856932
470,97.37528155213889,41.66804192296647,48.574932815381985
471,102.16908768596491,55.583421683863264,26.595776464624393
472,109.76221576537907,53.37315418018119,28.23665471956633
473,116.18045822245583,57.218993446233554,9.194599672464363
474,94.21445993132542,61.90796371375333,-21.925386725247392
475,106.94362535926237,60.01994868038314,-21.707884142856607
476,79.20421240103431,44.69037708044576,-48.22231388771821
477,95.78545839071032,9.655444696958654,57.867551658956515
478,100.32003950222557,19.809889559042688,55.47493229632376
479,123.4639363022487,58.43983697767543,-2.068497193357473
480,122.68126311343374,60.258058684675746,-11.343938283546464
481,120.8553137266189,60.442748302364336,-14.889420518567093
482,90.37260917044878,47.64335541746263,-41.99421317813111
483,72.00016709003856,45.85091136841653,-47.148944685719016
484,99.58809491494762,13.351022756715707,56.60491315380095
485,102.12085814536923,26.80078563434344,53.78167185544014
486,117.24400717650272,44.16408587603753,39.19354058971213
487,123.00142318243425,51.49510735444353,22.5454562564926
488,125.46542720340605,54.40149860642617,12.23410048331641
489,130.7039026948116,58.61020126512777,-14.347039235736858
490,120.75997571949463,55.69825448341362,-26.449216946269047
491,76.69293642356578,23.96619563590508,-60.97140228243423
492,118.41520259670247,48.19919410357146,33.93228838674162
493,120.47615713483648,50.77230912696068,27.59514402631376
494,127.25606275710678,58.10552900784616,-4.403978653150574
495,131.6263831620798,57.410230652534295,-7.996571937988293
496,137.25926652372252,56.30992624332414,-10.647143464168565
497,80.13463380961124,30.72938642045324,-56.60202999331379
498,79.8107601827634,22.9811129133265,-62.12794780354024
499,74.26333536302857,21.703182345657822,-66.71577988218665
500,119.27906023254437,8.783059863219322,51.54716058902166
501,126.16196453473097,39.61716256728147,38.9087000012989
502,130.22370930273033,56.1210144230396,-0.24040481528473379
503,102.35259349732596,29.64390733915519,-52.42951644718076
504,92.41749498028744,19.22455894653058,-65.73011965661097
505,130.159784725195,31.079535586488362,39.500695798761356
506,136.48609910876834,51.50242478074705,10.373748925411206
507,136.53049831296804,54.900369303373864,-0.733466108755124
508,133.32467023950178,33.39675497397309,-40.18435104816724
509,93.54538891464486,19.81865142307639,-64.08042296851397
510,128.5133239676674,11.634078356720863,46.54266512349318
511,131.42764942797376,17.81228773348289,43.03158603903769
512,129.60996796240394,27.38905274114221,41.223625329582205
513,134.05712865239386,36.35995548569595,34.09183445928572
514,127.90236195679901,46.68236782097672,27.70953244459723
515,139.9250872324849,44.00183266199319,23.700211886880865
516,140.61162832004467,51.540940474728515,6.594010817506785
517,142.83824490730476,48.155956209318205,12.08177027994536
518,146.06348157555792,49.65567939681094,1.4171054550380546
519,136.4284572171508,22.008125372620512,-45.00919476005841
520,121.89723529345437,17.22591744326388,-56.115909534387114
521,118.68657258807369,17.84013681037986,-56.58706117947102
522,139.19547821618013,13.722306745143712,38.296659160299285
523,129.52180015816722,13.711759175124882,45.409739013292295
524,133.05019393873627,25.535101041497228,39.339850350015624
525,139.43604202641538,43.62904074406664,21.099051306394557
526,140.1698784261816,45.32719951709794,19.86013074817275
527,154.5881754933258,44.0194992465394,-5.454325074483876
528,154.35742108117782,45.70811838137459,-10.091010449871078
529,143.12680470103837,46.07141034346026,-29.95228754206849
530,140.83005091745437,13.615323115456874,36.82305393504714
531,153.8685160093667,39.772685653879634,5.10692672978972
532,151.74452441066714,42.79998110576206,6.9434737156810655
533,158.19875801644028,41.635867469349975,-13.021238053420078
534,150.1866518601514,33.03601061909288,-31.817806286002167
535,158.15753518876406,12.923953313312282,-31.242178297426236
536,149.28479448457622,12.38589232234429,-42.80549386900759
537,140.2611758955223,13.263039038710644,37.48224480714987
538,140.96565416815596,14.751024185527797,36.29057823012732
539,144.09387121818415,19.33546319291365,31.2180387641735
540,143.3594976370941,33.818554600602624,25.456812586339936
541,149.98966980427522,39.45915536524623,12.394989244602186
542,149.4200941110512,40.52568215368878,12.627742172346103
543,153.25531185036405,37.53720398168754,7.819054037895185
544,156.31381210684353,37.05077767133842,1.960972357992162
545,159.33167342839002,39.13305370647751,-6.354104112826363
546,162.40913852117146,34.61758263247286,-11.153410751101504
547,162.93613675555483,32.59726662678223,-11.305277510293976
548,162.60310769049224,15.741059266038476,-24.100689749411593
549,164.75685446338977,16.535095257621407,-22.43710272971917
550,140.92763107271296,16.129732062526102,35.83149995558355
551,143.50967485066818,17.375781826006943,32.66368141356658
552,139.79193633130515,26.206923315457928,33.06470355942153
553,153.14308766510382,32.37825177182394,11.270127929359418
554,152.42711838328225,39.378933515923194,8.132758103000626
555,159.50116581391208,30.38523722652816,-1.0217024003086266
556,162.2729046663072,33.17899408143991,-9.859305685596482
557,162.04948394701492,29.974453421709114,-7.260189457000749
558,159.52377414093226,30.281856754695767,-17.775664237690933
559,167.1201953754185,23.25030213823139,-18.49161619353486
560,142.379585479596,12.652311718854477,35.63697467569159
561,140.92139509821462,14.812142949045466,36.311740737197866
562,146.57756410245972,19.61731108913534,28.058163742002478
563,144.8692340698531,23.342674724724347,28.59259717373274
564,151.87786215752473,25.44382368800848,17.382566831985457
565,162.57279197926064,30.28349166773104,-8.867517818416601
566,166.67800172307054,25.785980827701266,-18.456792911331185
567,165.13397910842556,22.957398737843988,-11.990802406749737
568,167.3456713971672,22.680820658396172,-18.93053248068334
569,161.4834116102506,17.19336997550826,-20.930268123737342
570,145.56789677076355,15.159363557264982,31.166401553920736
571,148.51968478947938,19.821405378529008,25.33773775122259
572,149.8701119261593,21.902356023003577,22.386889047353733
573,150.80081360325298,20.93235259541052,21.40471656406592
574,160.17054045481913,24.679835175801983,0.7106172891960085
575,160.15085159151542,25.48128383134096,0.2994600089683388
576,167.3331060253316,23.745736343216592,-19.473416188978206
577,142.44241233877395,14.948039142749309,34.73493039150428
578,150.98693525410394,20.066467731457053,21.52307241101836
579,151.21598469944152,20.52204497885417,20.93907210844992
580,155.11975144681654,22.220322798951145,13.167329796342841
581,158.6047036072849,22.023355460555905,5.9184737927875375
582,157.51207679462217,24.649470237583742,6.910660135335917
583,162.4296214786061,24.350582738028393,-4.962892332519544
584,156.98888554092505,22.541138768003876,9.196721986927017
585,61.91960921279181,10.574797566342411,59.25445384152793
586,-175.3740921968951,15.558393448466347,-27.18805524827767
587,121.53842152484813,57.75633221833645,-22.178604828166968
588,126.74169996168817,9.1559470187984,48.1096868351345
589,-28.745959723307067,20.28602226644641,-72.91926932370139
590,-13.180698784809636,20.746631236486067,59.43691224776076
591,118.05255849170024,55.19068541420059,13.745612843624102
592,-77.4605867322874,57.75611793361824,24.629127270917877
593,64.24396944527857,60.09857529902612,32.634124936233505
594,-14.333046147255999,64.21223871696364,-34.70162017162896
595,-125.41130102629465,16.150747837853302,51.2130303300266
596,102.85560541781493,53.51702652728527,30.973149662706362
597,45.63881107310286,62.21600990089463,-31.46240956984044
598,-63.124887132608904,18.508744813567333,54.98551791872596
599,-12.353941693876322,40.586721552496,54.770289244688016
600,-124.27114534432816,55.02986870141541,-13.811258784010903
601,134.51877761094826,40.37670665570276,-37.26415029764081
602,152.33262118170833,22.52615471067088,18.09913815715217
603,105.68384173205075,52.440634705333764,32.378832162645324
604,-86.61219461067031,17.769613328673827,-68.22434590695715
605,5.019985406234582,56.71942433983391,41.038698108566265
606,-131.16229421204997,35.39890439744168,40.183795192974074
607,-18.960419493534772,63.313846067609774,19.77229291694259
