0,-67.47402261527499,26.824050356108522,-1.0008029183317657
1,-66.34259185058966,24.988102944118094,-2.709375335940616
2,-67.33368982290271,27.376014925100428,0.4052329905708746
3,-72.29374088901604,26.682922527159025,-0.12948102136111886
4,-74.11966347317144,25.870331933101077,-2.5714267763650906
5,-73.64771861454658,24.20815050693846,-3.441365214612817
6,-78.81350132407822,25.333467502573143,-5.307111877421045
7,-70.2697751051718,22.093036729218948,-5.061584032103812
8,-82.53026616396669,26.014623258323113,-5.662508254485143
9,-66.57311750510706,21.117861476571917,-5.479940077799197
10,-70.53857123460159,19.475097023620762,-7.469273470705558
11,-63.20014499584703,33.86675489338127,13.307848340526368
12,-63.40541609753875,32.95252682512663,16.47302502119723
13,-74.06858813528072,34.71215846065662,11.033152025536019
14,-79.23513870923551,39.81220442660628,8.21982170426535
15,-88.04313838186452,34.47807134757702,4.468135694312787
16,-88.06761836429907,31.563675323707947,-0.49419108236594605
17,-83.80883822905452,27.574622378086218,-4.444751916079343
18,-94.90965386100926,35.901588049353585,-2.9265100163315623
19,-73.14058948770726,21.920504773933516,-7.615532966782353
20,-77.44090606512732,19.58891115843049,-11.110644561019624
21,-70.10052871957187,17.30152488483858,-12.919650625262564
22,-65.87200122131884,18.709236159050402,-18.116206537360032
23,-66.30520147921976,30.84860404651238,18.637570521111783
24,-74.67734754311432,36.51675017843299,15.613167213079317
25,-72.84886330889842,37.753656407846705,14.931384349065109
26,-82.8454801928531,36.6952018738106,10.52272144825032
27,-82.1947658179916,39.03286279968475,9.282545161242666
28,-79.41264365324048,40.45307725993733,8.157843992603858
29,-76.04235307226456,41.56427454647429,7.850844368751252
30,-93.79557183573105,35.27338291363842,0.06948935178887848
31,-94.68295568478766,35.50152115176884,-4.6406316864755635
32,-90.10087438953434,24.6133139466165,-9.237436917794867
33,-76.4255931416881,20.08070625901165,-16.084897306968877
34,-66.01141552732552,21.30441131810399,-16.56041937662907
35,-70.8804789500165,20.248097895662195,-24.2140174237869
36,-66.89886519091218,33.059566085832245,22.29292336779698
37,-69.88899213567858,36.214412140308,17.345435089985624
38,-68.34569300165668,41.12134876360898,13.632189646148433
39,-69.94280475065206,40.45067513541678,13.876306069370866
40,-76.83117805806877,42.30830580054408,9.513105053465733
41,-77.50827912723551,43.03737340966793,8.040414451928852
42,-79.51582694560267,24.429620424925094,-18.933438108351012
43,-75.66552698205639,21.17858032155634,-23.89943726290006
44,-71.33116488273774,21.52846884944407,-24.381514620833244
45,-64.84707780668055,32.96627772169109,25.426570559668477
46,-59.8726074187774,33.39259208587714,25.095900217756444
47,-67.14782432852122,40.26693070219978,16.86495777010848
48,-69.74331187207876,40.80308786703947,12.718824066671706
49,-67.81257812419976,41.42661084102044,13.092798531147599
50,-80.6925326322949,40.644013002115464,4.290535995448923
51,-73.99062313049065,22.920615102161634,-27.420982284952057
52,-65.64511167979144,20.610894347118112,-29.369308906039244
53,-65.85462765993755,37.94941091119976,19.462433452008504
54,-71.13459708407473,42.841466988906426,9.89489425453871
55,-65.67512572746843,43.471859867550315,7.243456805862142
56,-75.62066934002954,42.38212704248112,5.944463617636229
57,-81.52895243403583,39.955721650785705,1.6321998349793243
58,-86.59294009513872,32.24859462955713,-14.589648122912243
59,-65.17121719628936,29.591359898830603,27.279749614372257
60,-67.6177359043091,34.84468419331343,22.632625042758107
61,-70.73129961338067,43.86136948932642,6.621205218261978
62,-75.55832536171694,42.43083518419899,2.1585107956164165
63,-70.95467284550371,22.483902037348066,-28.105672662172548
64,-66.21392340192575,31.87875049672136,25.62441785891041
65,-68.62095179443389,34.859437414482294,24.274557626022688
66,-66.23168657832292,36.96027143644022,20.885828961233642
67,-68.21215185466947,42.57690831776173,11.738776762680686
68,-70.67851523732959,42.361868048719046,9.731324273387262
69,-59.22660335492847,21.145126558942582,-31.301856871308463
70,-60.187431508959484,28.44165332145667,30.76778224926885
71,-66.25039556567236,32.63053087437106,24.857218210332842
72,-67.56212550573582,38.615062281881535,15.56980126310832
73,-65.9722138237331,44.87825136052961,7.0978815928222545
74,-63.94916746645403,45.64680849944115,3.281735674261405
75,-73.38416132156611,42.40468297188161,-3.186619935957848
76,-61.947434643980614,35.465014019034776,-20.13677214085422
77,-53.93560440054844,21.77593081247653,-33.61141567763599
78,-54.228471875287745,20.292317646084637,-32.16281539966498
79,-52.41510520055178,21.302094248869054,-33.9933979639874
80,-59.53677718415937,26.81031459617523,32.273623506821515
81,-68.41263659936492,36.10896329943572,19.92988440788172
82,-65.49909088778205,41.37846910089625,13.758114178238724
83,-69.1803263339367,41.008358930691706,13.768334317382761
84,-62.04484430912447,46.956388230752616,6.414734296235808
85,-63.07355031274617,46.299886059264175,5.81201776386885
86,-57.06482264205964,45.45664224448448,-2.174943041439222
87,-64.44084946195068,42.928270259460675,-8.515538106532103
88,-61.044925701781395,39.290178054772575,-14.96886937348639
89,-58.77588030714419,24.471906164986805,-31.43014911055854
90,-51.24158167801118,20.152508138777073,-34.167598456097934
91,-62.58760202168129,33.67039291913523,23.66233555100933
92,-62.65275366694005,46.16433495795807,9.050469996897347
93,-60.277846133291746,47.389757235545375,9.274285852436066
94,-58.875820451934054,47.35116152608148,1.9881994364580469
95,-57.29946799295804,47.63438165011482,2.409797314831881
96,-58.675189269817864,41.99746396331526,16.93489744597169
97,-53.0196845767303,46.795129581017854,11.49191732872937
98,-55.39644914290999,47.8793234640409,9.638866595820515
99,-60.13550756500783,48.04216735394823,7.684780773913506
100,-57.34393488770292,48.50180284724627,5.345441375294068
101,-53.969937206962214,48.339175436408716,3.1875311137309805
102,-63.03308663592496,38.70250276134578,-13.840549580034997
103,-51.270919810963065,32.279726922084194,-26.407558924569848
104,-55.3890889809782,32.709271614039764,28.016833521728053
105,-57.173678237531384,44.45418201840701,14.946620951629251
106,-55.059267283464315,47.808685796055904,10.255959488862194
107,-60.88802929009056,47.80976084627311,9.651435467771782
108,-57.580577941216426,48.63696633006999,7.407630679265996
109,-57.20295793133132,48.260549154756475,3.2415045749964055
110,-51.08015979580844,48.974051256214686,0.14387566314914038
111,-43.3615005494031,42.11286823288223,-17.34180718867717
112,-42.6806165017242,31.545950153432834,-31.90887415911425
113,-32.72156614543148,27.73021791385314,-38.090643578126006
114,-49.15467383297436,28.101027197254112,33.831590768071806
115,-49.82457778997241,40.95890839094278,22.203558034512987
116,-54.82968758659604,42.98362276542879,18.809710621257608
117,-53.23010612031849,45.62936994740957,13.489934227298694
118,-53.089664400457124,48.023182465821854,10.90641826417438
119,-57.05538560528555,47.53722825381994,9.54688224578247
120,-52.47617686926356,48.52082624264873,8.981209470905847
121,-58.529859830873754,48.35084882901775,8.456448445729492
122,-51.26973222765744,50.03607052716155,2.99184900104744
123,-45.89674195802842,50.65653990502914,-0.5982595376624992
124,-20.13377581928024,35.427315485448624,-28.683530817573725
125,-42.77783525234709,27.70763569904612,35.81180426954801
126,-50.26826955581261,28.18278907571874,34.27308942144136
127,-50.52557661243935,40.97082957922596,22.40397994790735
128,-56.14948002145573,47.93850177181814,8.405069874092911
129,-49.550619234567186,40.46498370553642,23.492262090524513
130,-45.265067670336975,50.103775055105004,7.887692545213822
131,-50.315048916643995,49.15803951014026,6.836090807454839
132,-24.170814770932,48.92474930904867,-9.40814813915088
133,-21.703831566292727,38.00164097834129,-28.145648331128026
134,-17.220527505779174,26.86007252364114,-43.65629806681417
135,-17.825212902263043,23.93075942346222,-42.837551211634924
136,-42.63765791062658,28.122200915989414,34.20361799103157
137,-45.11071165983547,34.83504996843927,28.887851152977127
138,-49.24138766054278,35.86420895688309,25.503083023373552
139,-48.231014329465964,47.90285923244472,13.225065229499329
140,-39.80959235256641,50.66468309517629,10.772259792301478
141,-35.51766814933838,51.84031838772241,7.704314741300594
142,-37.54173808418816,51.2471958058393,6.884910070339487
143,-22.787887283102716,54.23888972710067,-5.873210988271092
144,-23.77776252827734,49.50068830971712,-13.598362364058126
145,-26.297967927973534,29.307287765293736,35.385325993166916
146,-41.571393694600914,31.88897429954037,32.55344145320322
147,-32.387422660377084,46.54593762752047,15.141042436095713
148,-31.08069602364873,51.58774764456024,-2.018832025119467
149,-9.80579304279513,23.692325556239876,-45.249531845571454
150,-15.220427891560771,34.69565198497085,28.579054972047057
151,-30.02854212318339,40.78967505595967,21.825569443808227
152,-18.123725393108188,49.83418324510014,10.663165067947482
153,-26.880161046762456,54.82201155547102,4.4494658664524565
154,-26.351832098742484,55.12905665705841,1.5572498434057886
155,-9.186381648809595,46.610079014045525,-17.691476452952262
156,-4.655514598901094,38.9665718922613,-30.4448219528128
157,1.2898716447421739,24.650581883086453,-47.5187594576587
158,-1.4833788314089882,23.006773153334702,-47.79359355130135
159,-19.319966553184635,44.63518165569249,18.452802653188513
160,-17.740641138715883,49.03152437462739,17.212581375376768
161,-23.801891764765323,52.99755674764589,7.937298448080283
162,-25.006974636325523,54.20819726428912,8.853119914701962
163,-19.836795076786498,55.7849700796613,8.855866965596311
164,-23.98617182990692,54.72956674399617,5.527460500641904
165,-13.013819174368432,56.344494512309105,-2.026712729648645
166,-1.2611148565378512,37.27749823940153,-33.0654949149971
167,4.140358546162566,34.69121665984353,-37.844525745629355
168,-20.491781526797634,50.70708938424379,14.28922961568785
169,-19.649399020936904,54.82811653671608,9.045744506752948
170,-24.143725708071862,53.64867902825749,13.128846329037966
171,-21.656600558033475,54.70244655347073,8.948066959976199
172,-15.788866321492078,55.27295875503256,3.0056803724045595
173,0.9368321056372795,38.93790683141189,-37.77151661028371
174,-11.862258640510307,55.67999751456932,4.814533735864243
175,-12.770797089012536,55.306428344397105,4.971762364470972
176,-14.403373538048145,55.93158650072468,2.9824024813276964
177,-10.90916444866421,59.11335501393857,-3.762526383018164
178,4.568627649886743,37.43376218198506,-38.61439364328293
179,1.626634458511145,22.457574632290665,-50.31974484856595
180,-8.813398864132958,43.81290133452243,24.623461614726114
181,-5.858638005033065,53.263894955469375,12.357071894412591
182,-13.429234875538555,53.84429388519285,10.6705593813393
183,-10.548362022743289,56.94297769219282,2.395694731702461
184,-9.775928556552298,59.27010917815173,-0.8598014631542577
185,-12.3983077979301,59.529193928177634,-0.05245882546232724
186,-9.440165484803813,57.254352686079145,-4.066652334958879
187,2.7619178212844946,22.542689733499145,-52.387172457173776
188,-5.076020402261501,50.02106584242858,16.930012709886327
189,-8.581974213119842,52.55003689079038,14.31035730697415
190,-9.791589812480773,51.92364914963898,13.483065960208616
191,-9.854425887736577,54.13821020847784,12.45566522083743
192,-7.609002042933382,59.43075785808756,4.5225639099383255
193,-10.905839839314948,58.96372620754291,4.306347176799034
194,-4.765799985780655,59.31034831529028,0.31136766004448085
195,-10.607178480194573,57.17681649487896,-5.2606112376185
196,-14.562384982549476,53.77809773121644,-7.435104080114813
197,-0.3765177837810872,37.40794439664756,-38.66675383760457
198,-1.0963448390155102,21.960881070078,-53.73001108103219
199,0.6016769961569453,33.744526692371295,37.87651137869805
200,0.28627159187503587,43.915167511125084,28.492916095640542
201,-0.271243096040216,51.48587244219155,19.932869334711185
202,-9.531740443350468,60.09330957432408,0.8798347045078883
203,-5.85140030979344,35.87368999712291,-40.918868649881745
204,-1.6082778083547808,26.913102653975734,-50.3072154538831
205,1.9279776387454874,30.183110185081862,39.224117788182014
206,0.9211083865821191,53.86891432422438,17.467251405945724
207,-0.6938088978539362,24.11589845276728,-52.02900436890178
208,3.6168748272449376,31.225827712692663,37.659859905555145
209,9.892609415422953,51.69191509939274,19.44788391604684
210,4.868164044247691,55.61319009811242,15.427800530171295
211,-2.1548912347478244,57.44586320384567,11.298846740816419
212,-0.5261282202361737,59.149723229602316,9.610018932278573
213,-5.279376460049456,59.402048759431274,5.945668935365028
214,-13.97057941986777,56.56981315236652,-10.775906260813503
215,-14.497605987461236,54.031482215010804,-15.67957733890277
216,2.440938763515821,24.998968337023797,-49.763146717353415
217,5.973599206366311,28.724936009884317,39.72929988523303
218,4.809359751434606,56.95969947173122,11.82039413379085
219,-1.5938519550574213,58.503911282523354,10.10377813210887
220,-4.49985869695809,60.308397112620455,2.773416747728923
221,-8.269730619357649,59.62630725309975,0.09025546675293514
222,-11.680280966177964,59.01602491731982,-3.823863448002762
223,-11.723640739990962,59.61787746748244,-1.7402335613549125
224,-12.403365170062465,55.982950439510276,-8.842442364816497
225,1.5507117811388043,26.847874124604154,-48.71550719763689
226,1.0173969581879994,24.386652103513025,-49.91642925278019
227,8.304796346362496,35.49447657738327,35.639641290062485
228,0.9635122667386801,58.233137538771224,12.082532406916474
229,1.0910851575138176,58.61171286890698,6.968703963297913
230,1.5905054975848578,58.25389701758372,6.119138491260502
231,-3.5166900021924987,40.96563810755478,-34.31525183183974
232,2.1627359211998827,32.04804924101147,-43.17159623254686
233,1.3239727233137635,25.237048965642355,-49.660079437081194
234,7.212424013176332,31.675047553689506,36.12020644465233
235,8.24658648617759,33.06671346687961,36.67030366324434
236,8.142366686202974,43.6366723361179,23.64192870110772
237,6.898781642983619,50.140250510577225,20.46803977767578
238,0.6934257409052214,55.07858397620091,8.100320868748893
239,-3.726766042251506,57.52150988172963,2.231691410713788
240,-2.7514124860352682,57.730246907821034,0.5711865133333494
241,-4.15849908232661,57.99855838891727,0.4873618325626951
242,-8.20210502523182,56.88148383057897,0.11550772765905151
243,3.046597985558883,29.495615448041946,-46.463327716255534
244,0.11034615168596092,56.680465474779375,5.687301493199743
245,-3.704009014655843,56.53256580276324,4.304962940238397
246,-5.8249444751042505,58.41221704402912,-0.042413585372900575
247,6.5176204199364784,47.587523818639376,20.216023435205365
248,1.9441531794256623,51.43603464695447,14.463713972434013
249,1.0536962674538213,55.14381141277184,11.199682628606103
250,-3.1152092503499107,58.83249869497128,3.1693891427323164
251,-5.005439611794784,58.28017717451625,-0.6625797520167552
252,-1.6215262016641714,41.91150895706664,-30.516920382838414
253,1.1072207601844528,56.33369922746352,5.10187082324544
254,-3.9962338249899036,56.70120294140205,3.198868710491539
255,-4.554358502379412,51.63377945337698,-15.75243278679284
256,2.4486536024999253,20.833778177849954,-50.66185228496474
257,6.215690428975567,43.28126929218586,23.544839411557003
258,2.0490937437059316,49.000612188533125,18.549102689931473
259,-0.8371514405893835,53.979305350831474,5.1641671912448075
260,-4.762944807942658,57.05515444697271,2.0629105398424334
261,-7.586961019422681,55.80707881618059,-2.8813767142253583
262,-9.506304070925397,55.72790554981105,-6.240173633949376
263,3.4189290509542443,25.16357208000548,-50.58691909133525
264,4.041650349725606,52.03658161371699,17.070194254045358
265,1.0654397623292866,54.141436390052746,9.88398542188966
266,-0.7578612021356735,54.73196148030643,7.49399016801161
267,-0.468417239054307,55.44226794028429,6.1451444982933
268,-3.0671496912561045,56.97213368625311,4.184763011938179
269,-5.278134586679453,57.81631122083265,3.3776116291537037
270,-5.752689925653586,56.92383736911572,-3.686578308690933
271,-8.305642444497396,58.049131823676596,-5.004907263479422
272,-10.025381296269755,56.254660289478565,-9.53826893551074
273,-3.0675110643770203,44.38445379524087,-32.15606643261875
274,2.83709208780314,26.1648163870443,-48.115386895104955
275,7.097901514801062,29.232777767718105,37.89139671795368
276,8.448768554260292,35.891429820596024,32.07461384535961
277,6.050612046094596,38.33757575485043,29.682160631914655
278,5.366281489778136,44.74367661500306,23.327850740313398
279,5.216997129495453,50.83884727143991,17.711931803931
280,-1.014755133095029,58.292807535959696,3.463561332422568
281,-4.125945097736271,56.54767718597926,-10.064683687855394
282,5.352877082876015,25.784724118029565,-47.792036835692684
283,3.9997758862809527,24.565900535763255,-47.61129317502478
284,7.984241531827425,38.698744180629944,29.704736178519354
285,7.67758884928583,48.69913774866922,19.390581787793867
286,6.37841730790402,54.076953152469805,11.501747710615843
287,-0.6086542920326138,58.05169935122926,-0.8631672971939726
288,-2.8588990819777433,58.55237406483603,-1.7646296349044335
289,-4.01606616053577,58.08060513951376,-6.420117903829668
290,4.082974105161759,38.75495171431801,-36.14429601047699
291,9.129665173105511,26.331408871384173,-48.35396652696537
292,8.230442135426577,28.330177393269853,37.45074515924218
293,9.582656592925918,44.94305982566643,24.52956255508582
294,7.476621088624961,48.6440174022888,19.38852049187223
295,5.398369010754125,53.995931723797426,9.58184224142751
296,-2.591974852659166,57.56476328265802,-4.472838098390872
297,-3.8178863621180494,56.1721089195451,-8.217722492461474
298,9.442995816947588,25.031202181765067,-49.67397691511183
299,9.008811570499988,22.53546077675186,-50.91322944947721
300,12.449557917959181,26.945038187857488,39.1923522509703
301,12.00001607503347,29.219129490696954,39.71995307359644
302,11.632652054005364,38.376776807051876,31.600459131201696
303,11.796432693117115,47.97159986454246,21.885495567860627
304,11.60613498136629,49.57490015814311,21.437035507691135
305,0.9084155860490304,59.54607112309268,-1.1327695946857201
306,-3.089893110514248,59.09733006814422,-4.142446082851268
307,16.333407309188335,28.935733377950775,-46.68485552154979
308,13.262745331304052,24.45192111818771,-50.9675107452606
309,10.031746821205356,21.88092497113698,-50.590731401084334
310,11.962835949286132,44.62790056901563,25.134731124460508
311,12.818947028712934,48.73234654269172,21.169091587811913
312,10.290065732885228,51.73527294055967,19.60324306862496
313,7.916574013802575,56.423424372068354,10.838626440263237
314,4.534943111955196,57.902280505849134,6.604801175504553
315,3.0727645740244935,59.005651195344555,2.587386469089991
316,2.2032267954282054,59.355749561081836,2.1546558520205927
317,4.045546605075242,60.04891697654761,1.1601096786762204
318,2.9844205537366992,58.71270625033641,-3.1268652370323293
319,12.40569560634156,34.972261246453506,-41.19254808401825
320,12.702209841900729,25.795776515070408,-48.303907703849276
321,8.97603425422925,51.46871572870827,20.06822130021259
322,3.983916083164238,58.40008394217645,4.8076424613391175
323,0.4186319540749165,57.794883415736855,-1.2334811086969484
324,4.6752145578233,47.228392110890375,-25.737444866028053
325,15.739803285994338,28.180630112989146,-48.05225377791397
326,10.879277236523901,20.792077973469986,-50.71616111496559
327,9.486685889214414,53.76573933335599,17.91786221320513
328,10.00929875524365,54.8766641497827,12.89825098069937
329,1.4329399535468765,50.33048760849527,-19.7510180326443
330,13.472641641944099,33.05949655160975,-44.211701049489875
331,6.180718434250529,20.887242070405435,-53.64920318960861
332,14.872627241892188,31.46494573292192,38.042676143129704
333,17.243761633836222,37.7646735564268,34.416659108068096
334,17.66749475768851,47.31783351267934,23.807128925987946
335,14.875080746249106,52.2326830246342,20.836351091706263
336,5.8607553786071,59.85017042775721,7.812050259208965
337,7.40876503510882,59.369429919692934,5.1052884616614245
338,2.710049192861212,60.26207485291634,0.11091546088680998
339,-3.119592189154491,58.23772604343937,-1.344251466097461
340,9.25789216917266,22.686423900009057,-52.324493561697395
341,13.788000287086259,26.26018903490377,43.20526802132253
342,14.236356398549395,52.77749157486928,16.709846586815942
343,15.87267773882654,31.0119367397585,-45.478192474533635
344,16.076323099813287,34.616544744752325,37.59202963617082
345,19.054760181413375,43.20875947629551,30.356290415575373
346,14.510298813505049,54.42684385605747,15.719296997365056
347,13.283124768505674,56.05374855032165,11.502721774788046
348,10.551313257845484,59.0613639273034,4.772566311429117
349,5.325407132304918,58.575100166992236,-1.6978063660472704
350,9.16948655637711,49.867083798377685,-22.982971109430483
351,10.58278308662029,24.62204197273416,-48.91458427698981
352,18.424791885557713,33.29747781483142,39.77541042404133
353,13.545946933435545,54.93190699579458,15.9278343296624
354,16.25424433365576,55.92807855723992,15.581301167414326
355,14.48647293654468,58.222168776998465,10.993987802677085
356,2.066923382016635,58.25864841359248,-1.596777673745724
357,11.904386888818918,43.13926088255893,-30.91028878156433
358,17.318085499793145,38.419303563598866,-36.16229781838603
359,14.813136532983327,30.63641186577861,-43.91846557127544
360,15.039811403232989,26.671120602973446,-46.91724570019117
361,11.475602469488,24.43717665298702,-49.34869273958964
362,14.071148545221602,25.294296898513846,43.43305517487346
363,14.766902248959482,45.35447805584815,26.063236872584714
364,11.449125313523519,60.48126483213534,2.6132938678133675
365,10.933047678038294,57.177014659882445,-1.927594309695915
366,17.90805115220974,34.94808819971283,-39.19978174239118
367,17.006380727063323,28.635123329143738,-46.80506122366425
368,14.432556786560552,24.195075350884327,44.55464642659479
369,19.70835437080114,51.437808648837596,18.62758488070753
370,15.069124841028628,57.477009410475205,7.2670469855941
371,10.441232140537466,59.74496068335491,3.5417132275667407
372,20.355807689427845,42.97011966577888,-28.72833916007154
373,19.35541107311569,27.00849392942237,-46.33012333000805
374,21.266439826821678,26.821757697535347,43.303649956564854
375,19.754694759128306,51.96624666059443,19.572186772503525
376,11.847746868572337,58.17233574797289,6.352736444400311
377,9.718810239586162,56.938243379216345,5.57613648687486
378,16.682559833315757,23.34843127953254,-48.61908772724178
379,15.357635050382138,26.685990193257208,43.70767934009154
380,22.867882097601854,47.95034311755777,24.92447725250258
381,22.796090850882823,54.214704673191314,20.46445723365063
382,18.744780139941913,56.17023349011796,15.125709890045895
383,21.40578514961665,57.400171719113004,9.819210799300615
384,10.70884721161992,58.30738462470618,4.668934698714321
385,17.34563331730658,49.162533804247836,-9.261531937228424
386,21.669671252203237,39.77424668069653,-28.80886552956499
387,20.326982432810954,24.56039370025489,43.85316997679919
388,22.117668286748824,30.84913221726054,38.82261673968885
389,29.250583003815102,48.73575288668189,21.99702398109913
390,18.429641685273978,57.98936840258823,12.097825218821061
391,19.125931066919467,59.213120980204934,6.959050851826447
392,11.368315473075388,57.33537707077466,2.727847977644617
393,9.730900003942697,59.01212214566996,0.5268989548672237
394,5.8074251409696265,56.412114352002156,-1.872663445841161
395,6.02665172780288,54.53318531798415,-4.98540091215276
396,18.684851323825868,43.93884986196325,-21.18163809836901
397,23.508647713596726,25.22518421549306,44.77333942128733
398,23.136652197195026,30.828791273388877,40.821932302439095
399,29.286079620967545,44.07085705559713,28.381138665244933
400,31.03708903021047,48.56796277558345,23.65453866559833
401,25.06452675760558,53.92044450197235,16.847733435447623
402,25.919022085073824,54.555432515067366,14.05208219372391
403,20.626942354369344,57.16139223432798,9.21659920389629
404,18.282771472895426,58.16517299884898,7.778064132669689
405,6.7388024039807,55.7234860249811,-2.28623374395329
406,14.552532427560273,20.605698498835913,-53.464438691865254
407,18.864263215616912,27.14539457427523,42.02852807074815
408,21.22250571624031,28.95033958101251,41.50906033639096
409,29.169019875542265,44.67626586383395,26.070740057638123
410,30.801044286850715,50.03216670134791,22.483041092542024
411,28.437482277683667,52.27355045545511,20.24697626033482
412,28.3712425246019,55.98536676874348,14.271093308315914
413,16.384501924945397,58.473242657987,0.6582209462802527
414,21.08427368885624,23.846945074701267,43.32056346603379
415,26.600241887385494,47.59959307780764,20.962841493385028
416,21.495541130206576,59.81803151270156,7.614964973259251
417,18.494713799220214,59.284128623466735,5.755866000486524
418,31.89646233704731,46.58935462482508,21.73213133569144
419,27.90341308399907,50.11080651638019,19.41843384168728
420,22.791883233919766,53.90888988601995,16.464234743638986
421,25.51050025478931,53.48043393309294,15.324210969831434
422,31.009580124446924,53.6091049790953,12.823201607286775
423,23.967414980428174,54.728699037687505,9.93490742050904
424,21.938677168429624,58.30400396283591,7.688923440932368
425,18.94826266460786,58.73247678174224,8.763861281541624
426,19.281221759221946,58.66423341527554,-3.282421101636207
427,17.649771746167854,55.16417576462203,-5.489840284088715
428,17.682870796667782,26.40166025384609,-48.3108665507109
429,24.04477551872377,25.331487915457696,42.997628145209774
430,31.76811052623464,39.38522085190514,32.44669611143462
431,22.00388320177207,56.855664883665916,6.5714451240451535
432,18.257554711426447,57.425607391530576,6.798121345929835
433,22.504875499939324,56.42229999109726,0.6874190601692606
434,17.12841462638165,59.21152256125602,-0.030492376030467717
435,24.429304862699265,34.67571040364909,-42.041979036090936
436,26.12405835881674,30.38081604904175,-46.65485806107809
437,20.212320364141622,25.70673371386528,-50.05184664399009
438,35.62159745532942,38.932797660968376,32.57178236381446
439,34.58355261040854,49.00580205204062,18.000120287737452
440,16.562649127590685,54.41214195147698,15.90943175943737
441,21.27972131933019,56.41892454640426,11.24887355981271
442,20.2375491557098,56.54357305063954,7.230763545220933
443,15.071882745628702,56.66579202712678,3.7720506129655833
444,20.329817058855145,24.470221343286532,-50.5940929257883
445,39.40627374602123,46.04548577359298,21.419316458442164
446,32.570361552764076,53.139095139177925,18.977616356023386
447,27.451241482470223,53.82592397412035,14.726512382939196
448,26.08404048433528,56.78873707361438,11.639285788290936
449,15.172669352691857,56.53785272109568,1.587899342252883
450,24.25404795639544,52.831704674396555,-10.253971235569841
451,26.735146975569286,52.182918687786355,-13.53450273186014
452,30.400001093262006,46.013542868855836,-24.007781648244908
453,21.607924201373905,24.199375084916852,-52.02735437526687
454,26.04603378210664,23.45535036052297,-50.63634566631408
455,33.288408260500155,49.71451823444555,21.64619924760625
456,32.76617411113237,54.114566845477924,14.497952007889845
457,23.162261525057275,58.819536666209025,3.3047244766685377
458,21.57679444947615,54.57085567024665,-1.6040569559869715
459,32.336535657165975,33.850407154303774,-41.4949549226813
460,26.021191944800503,24.63454906323923,-49.51607242888459
461,37.857060985694474,38.30573768056425,29.57263766320589
462,33.01798701812075,52.73383390925763,19.896637361122572
463,31.463580211680956,52.18299234774092,16.57849714020471
464,27.257206986561314,58.215961774330175,6.541666085080071
465,31.077484827878795,29.671819884984192,-44.428818615962435
466,26.918118711487168,22.96954607661084,-49.41013587372522
467,26.42457596508843,22.811714062706542,-49.151993551688406
468,24.830314926784233,25.861218679538048,39.10712823057819
469,34.85497181827749,48.47644786273392,18.126896555393184
470,32.14906291008927,54.61652707917355,12.457371717355795
471,25.795286105569772,57.98405209931029,4.2680312770936775
472,25.43056679439354,58.6299843518594,-2.0570079917604507
473,25.049843757955426,54.9770157593199,-13.466082120927616
474,23.375031773351495,51.706145991704624,-14.627186370344534
475,31.26184995405039,28.236805887051954,-44.64551906889912
476,32.66477904114445,29.70183884854361,37.07821003294357
477,33.46924762433006,51.34479195515905,16.20169535846484
478,28.073812986418698,58.6554141287366,7.598065548779978
479,27.194871216487066,59.24973535952767,3.8080988692617264
480,17.41956417015234,58.43060372712456,-3.685261190703327
481,24.836091389495465,55.59564297308448,-9.166425195723903
482,26.347057620563046,55.7165613602271,-10.14429969912428
483,25.2790208273676,54.90686702548742,-12.205167924480962
484,26.590025474651735,27.269420561747815,38.71908831251132
485,42.110967719050244,40.019731568747346,25.521906696832037
486,32.16187334353574,47.72602710832962,16.18204550672735
487,31.11903417440257,47.80847736695798,19.740432353708343
488,34.44181133181624,29.34995332665561,-46.17806744694742
489,29.906122598088647,27.72346093124034,-48.067725541377996
490,30.74891663747999,24.267271148158386,-50.97359467077143
491,42.12963379131594,47.417770616306804,19.906346976820522
492,30.80602588083419,53.65392382263199,5.944062903391499
493,25.670119519242395,56.01030393366979,4.361948100509794
494,29.075703032836433,50.11023283842041,-20.518868380062727
495,36.13721612643521,47.91036646583942,-21.70039462039395
496,33.991676291700436,30.888136759713632,-43.95700397606569
497,27.838806972078725,24.41305998120433,-50.71043476255083
498,47.73884689316175,27.07540502466174,33.82063367136962
499,45.00217367272985,32.57236948197651,32.54174845320426
500,54.07737352983406,39.20216442845814,24.54233714397012
501,44.114682914002344,47.8000380715405,17.086628748974086
502,42.620183230388974,50.128136015369186,13.81582297292046
503,27.5963620967957,28.268738984970522,-47.7442093898574
504,57.11718273202999,40.897376206765614,23.05291251113755
505,39.09190474107169,51.65739350068183,9.15223505449436
506,36.35019947964501,51.7493508879692,4.976461187081465
507,33.77445884972309,52.60891981980475,-8.155855672667192
508,57.587934828138074,27.96657976053287,29.334362276212623
509,57.891217757087574,32.33548919772649,27.65622892981327
510,57.794949349042426,46.14139082288658,16.558428985818
511,50.891262179324606,48.49540487131014,11.455986586723041
512,39.68910135230174,50.37122653849305,4.752963174599658
513,37.35707169588262,50.701212392758585,2.527702402921937
514,34.37194558371462,50.209830894410445,-4.771161188853838
515,35.684538025139894,40.947423699884354,-26.691675494956336
516,38.39051533703955,40.35736212186436,-27.98381596952199
517,57.921306585128974,27.69464593451897,29.032634682986867
518,63.364248939955004,30.19397851930826,26.128975664799547
519,69.0498263094029,36.95275010773135,23.242414961928645
520,61.855191581286995,45.01312813254438,16.1995089242579
521,48.360078253479976,50.46106043540755,8.404302479488285
522,48.10063057756364,49.56991871582278,8.326184825278656
523,50.183246889984645,49.19916659564219,4.550130333040751
524,41.759663515063515,50.13888544545001,3.160105913535528
525,31.217556672438903,46.53810297103762,-12.39757121232988
526,40.11181949281108,36.115227493004035,-33.06254975737431
527,44.256150294725416,51.44811406253474,1.9141452202531046
528,38.503328551852306,46.07022525713098,-15.022597383902061
529,33.61682052518557,27.02617206653186,-44.75150450007633
530,29.746069130146875,26.676057599741313,-41.10635969340702
531,72.71530311256959,24.870894140015423,24.54955052320096
532,69.21643973698573,27.72181279646548,23.261328697931067
533,66.86820442931813,31.438696926572586,20.66677874347985
534,55.42962271842957,46.11843996085841,-0.2457166682268218
535,48.007235053687054,46.40238195418679,-9.010658521066416
536,45.92677513273175,42.85676731658244,-16.970617876214746
537,35.552631335075226,24.630074396102486,-41.992215790755424
538,84.90767151255484,24.24465722263762,22.554018300536814
539,75.6874870492524,27.11704007833147,21.241887446637882
540,74.46906092049542,27.777825594260747,21.228876881442474
541,60.422286687263586,35.092714966545294,18.385946068086284
542,72.20929401954189,40.158996864941486,12.100180806944657
543,56.01463210758268,46.367230651261444,0.41952122642509077
544,63.25935898072129,42.38683296654458,1.5320935697367606
545,58.95693742841648,34.752465427721894,-23.58121761607705
546,48.39727524592904,29.30116560504906,-34.93463150411019
547,50.60927317685886,26.141325080173548,-32.49588207167972
548,44.38175738742076,23.771384324372118,-39.247237575621355
549,88.96234224581528,23.100867028773845,21.376688624283478
550,81.64017037149817,25.04399710945209,19.141533909875182
551,83.34335876199945,23.839179864162542,19.42466461830056
552,73.89439305083877,32.088556078779085,15.490342528901587
553,66.88866389912995,37.1162048523216,9.040163480973797
554,56.66805658561547,41.662592922533264,-12.911065532806544
555,70.10442728975987,31.77552285946716,-16.88755119863497
556,53.22447040488317,24.95591676599016,-30.164574387568663
557,86.8222605284143,22.26315419435391,19.993664158220962
558,86.96799395890406,23.011063933745962,18.954791411687523
559,81.05900099803229,25.956634625738324,18.94565943026893
560,64.63136180237743,36.16392226728565,0.7634086740935468
561,72.42778889429422,28.690057309760086,-12.97368747792292
562,88.51248761388983,22.868227013109223,19.294001925320238
563,68.41968145062744,32.21662580360503,-5.750590488240124
564,71.27304619877393,25.216281922490186,-10.861443793537086
565,69.00357514474513,22.965817420965415,-6.535563931042329
566,69.32652667668468,21.352450243163677,-12.646946700107614
567,85.59612335065098,23.450693865274793,18.032831218046702
568,87.65430503977863,25.721252147061364,9.739832084225347
569,82.94159689208935,21.732428414253523,0.9958761872957209
570,60.6572527361854,18.12936757863757,-9.578024717906938
571,62.31867764206503,21.266429877711264,-5.8283721349133595
572,93.95710307480181,22.75827800178406,15.766705354905806
573,77.7647044958847,22.945163851451923,3.812412988524995
574,82.47506101066264,20.502356587706075,5.605492968398957
575,74.84103307255067,18.89843653354736,-1.3225045858264441
576,92.29250332500797,22.484568995174232,16.89955068112587
577,95.18370242166071,19.76613341126958,18.370102767268303
578,97.56840805047268,21.446923515620675,13.971959136901976
579,92.82696360825685,22.945227376528695,12.014948508867176
580,82.48647024096294,23.90725733498171,11.549467941942334
581,84.48052582955964,22.863967444567976,8.764486016544662
582,86.90997144949465,21.954322460111666,9.744651805063791
583,83.33350109030633,24.56269594540161,7.9895896301049145
584,81.68521126802317,22.515276305973195,6.997278660566681
585,84.0941048413258,20.423129403496617,2.8742135798435267
586,89.53385778324231,19.970556357872283,8.23488284084525
587,26.988646317243976,24.811475152043,-49.88145824022545
588,33.06000790888199,32.42831600916393,-42.294559226677876
589,-52.280995966467025,21.336769250505807,-33.012465294143134
590,4.696145552627934,54.934630128898924,12.571004645920695
591,64.6604369085738,42.784613036696655,14.63501964058185
592,-13.759966439829661,55.74976456554681,-3.7703166861175634
593,11.382040060621389,56.35310543301832,-7.4993773932100165
594,34.01544750788959,27.02402399959341,38.71513745189885
595,21.298295006100183,24.347767641149233,44.12308055162776
596,-7.131288427612097,55.38227114340892,-6.335817805246819
597,67.61705082300443,25.531330749739247,-17.30894516358734
598,26.915324685228697,47.908930640380014,-20.381208087118768
599,64.54870675724219,21.794889495586375,-9.987120895900656
600,5.537446959876284,52.640237650061884,13.63187970981422
601,-68.38890135679303,39.11255538401359,17.78499772043727
602,-55.248288288112334,28.107307398566796,32.11851051299396
603,95.33950613037494,21.577080799402832,20.03064017178596
604,-7.985933803734633,54.175121971726185,-7.636139272441807
605,-46.81437700650357,47.442298631137724,11.650969218997124
606,14.53682620108335,25.704030438961563,42.178984119273316
